original_doc_id,entity_text,entity_label,score,start,end,context,has_overlap,Correct
cf844aea-a8f4-4d30-a771-cd35e67779e4,south,LOCATION,0,43,48,identify nature of sediment to [TARGET] of wall. Late Neolithic 1,False,
cf844aea-a8f4-4d30-a771-cd35e67779e4,wall,CONTEXT,0,52,56,of sediment to south of [TARGET] . Late Neolithic 1 pottery,False,
cf844aea-a8f4-4d30-a771-cd35e67779e4,Late Neolithic,PERIOD,0,58,72,sediment to south of wall. [TARGET] 1 pottery found throughout. Context,False,
cf844aea-a8f4-4d30-a771-cd35e67779e4,pottery,ARTEFACT,0,75,82,of wall. Late Neolithic 1 [TARGET] found throughout. Context dug through,False,
cf844aea-a8f4-4d30-a771-cd35e67779e4,context,CONTEXT,0,178,185,into 4th layer that comprised [TARGET] 1009.,False,None
cf844aea-a8f4-4d30-a771-cd35e67779e4,1009,CONTEXT_ID,0,186,190,4th layer that comprised context [TARGET] .,False,
8e4f4af5-e517-4a8a-ba58-ed227998dc66,629,CONTEXT_ID,0,8,11,Context [TARGET] corresponds to the soil found,False,
8e4f4af5-e517-4a8a-ba58-ed227998dc66,soil,MATERIAL,0,31,35,Context 629 corresponds to the [TARGET] found between the stones and,False,
8e4f4af5-e517-4a8a-ba58-ed227998dc66,clay,MATERIAL,0,78,82,the stones and fragments of [TARGET] building material (CBM) that made,False,
8e4f4af5-e517-4a8a-ba58-ed227998dc66,CBM,MATERIAL,0,102,105,of clay building material ( [TARGET] ) that made up the,False,
8e4f4af5-e517-4a8a-ba58-ed227998dc66,burial cover,CONTEXT,0,124,136,"(CBM) that made up the [TARGET] , revealed during its removal.",False,
8e4f4af5-e517-4a8a-ba58-ed227998dc66,soil,MATERIAL,0,180,184,its removal. Part of this [TARGET] likely belonged to the original,False,
8e4f4af5-e517-4a8a-ba58-ed227998dc66,c614,CONTEXT_ID,0,224,228,"to the original cover ( [TARGET] , c618, c626), but it",False,
8e4f4af5-e517-4a8a-ba58-ed227998dc66,c618,CONTEXT_ID,0,230,234,"to the original cover (c614, [TARGET] , c626), but it may",False,
8e4f4af5-e517-4a8a-ba58-ed227998dc66,c626,CONTEXT_ID,0,236,240,"the original cover (c614, c618, [TARGET] ), but it may also",False,
8e4f4af5-e517-4a8a-ba58-ed227998dc66,c609,CONTEXT_ID,0,315,319,"from the upper layer ( [TARGET] ). Consequently, it is assumed",False,
8e4f4af5-e517-4a8a-ba58-ed227998dc66,soil,MATERIAL,0,381,385,the lower portion of this [TARGET] became mixed with the upper,False,
8e4f4af5-e517-4a8a-ba58-ed227998dc66,c619,CONTEXT_ID,0,443,447,part of the underlying layer [TARGET] .,False,
b47ae9e7-12f6-4bea-b848-daefb48e015f,636,CONTEXT_ID,0,9,12,"""Context [TARGET] corresponds to an occupation layer",False,
b47ae9e7-12f6-4bea-b848-daefb48e015f,c605,ARTEFACT,0,64,68,"an occupation layer located beneath [TARGET] and above c642, revealed in",False,CONTEXT_ID
b47ae9e7-12f6-4bea-b848-daefb48e015f,sondage,PERIOD,0,101,108,"above c642, revealed in the [TARGET] excavated to the northside of",False,None
b47ae9e7-12f6-4bea-b848-daefb48e015f,northside,LOCATION,0,126,135,the sondage excavated to the [TARGET] of wall c601. The extends,False,
b47ae9e7-12f6-4bea-b848-daefb48e015f,wall c601,CONTEXT,0,139,148,excavated to the northside of [TARGET] . The extends to the,True,
b47ae9e7-12f6-4bea-b848-daefb48e015f,c601,CONTEXT_ID,0,144,148,to the northside of wall [TARGET] . The extends to the,True,
b47ae9e7-12f6-4bea-b848-daefb48e015f,c601,CONTEXT,0,177,181,"extends to the base of [TARGET] , where it appears to",True,CONTEXT_ID
b47ae9e7-12f6-4bea-b848-daefb48e015f,c601,CONTEXT_ID,0,177,181,"extends to the base of [TARGET] , where it appears to",True,
b47ae9e7-12f6-4bea-b848-daefb48e015f,c605,ARTEFACT,0,293,297,"very similar to that of [TARGET] , but with fewer limestone",False,CONTEXT_ID
b47ae9e7-12f6-4bea-b848-daefb48e015f,limestone,MATERIAL,0,314,323,"of c605, but with fewer [TARGET] inclusions and a darker greyish-brown",False,
8b07db17-e391-484a-950e-aa8cfbf36a2f,c617,CONTEXT_ID,0,13,17,"""The context [TARGET] corresponds to discrete burnt and",False,
8b07db17-e391-484a-950e-aa8cfbf36a2f,bones,ARTEFACT,0,60,65,to discrete burnt and unburnt [TARGET] (possibly animal bones) found on,False,SPECIES
8b07db17-e391-484a-950e-aa8cfbf36a2f,animal,SPECIES,0,76,82,burnt and unburnt bones (possibly [TARGET] bones) found on stone c624,False,
8b07db17-e391-484a-950e-aa8cfbf36a2f,bones,ARTEFACT,0,83,88,and unburnt bones (possibly animal [TARGET] ) found on stone c624,False,SPECIES
8b07db17-e391-484a-950e-aa8cfbf36a2f,stone,MATERIAL,0,99,104,"(possibly animal bones) found on [TARGET] c624 of the burial cover,",False,
8b07db17-e391-484a-950e-aa8cfbf36a2f,c624,CONTEXT_ID,0,105,109,"animal bones) found on stone [TARGET] of the burial cover, in",False,
8b07db17-e391-484a-950e-aa8cfbf36a2f,burial cover,CONTEXT,0,117,129,"on stone c624 of the [TARGET] , in the central part",False,
8b07db17-e391-484a-950e-aa8cfbf36a2f,grave,CONTEXT,0,158,163,the central part of the [TARGET] . This context is very,False,
8b07db17-e391-484a-950e-aa8cfbf36a2f,c608,CONTEXT_ID,0,205,209,is very similar to context [TARGET] and it is assumed that,False,
71e7bdc8-20a5-48da-ad19-1265e16eab35,ditch,CONTEXT,0,59,64,"the depth of the possible [TARGET] . The eastern side, that",False,
71e7bdc8-20a5-48da-ad19-1265e16eab35,eastern side,LOCATION,0,70,82,"of the possible ditch. The [TARGET] , that is closer to",False,
71e7bdc8-20a5-48da-ad19-1265e16eab35,limestone,MATERIAL,0,134,143,"natural soil has some white [TARGET] inclusion and yellowish brown spots,",False,
71e7bdc8-20a5-48da-ad19-1265e16eab35,Late Neolithic II,PERIOD,0,236,253,"dark greyish brown. Lots of [TARGET] pottery, and some pieces of",False,
71e7bdc8-20a5-48da-ad19-1265e16eab35,pottery,ARTEFACT,0,254,261,"Lots of Late Neolithic II [TARGET] , and some pieces of",False,
71e7bdc8-20a5-48da-ad19-1265e16eab35,LNI,MATERIAL,0,282,285,"pottery, and some pieces of [TARGET] . Also, shells, a few",False,
71e7bdc8-20a5-48da-ad19-1265e16eab35,shells,ARTEFACT,0,293,299,"some pieces of LNI. Also, [TARGET] , a few bones, one",False,
71e7bdc8-20a5-48da-ad19-1265e16eab35,bones,ARTEFACT,0,307,312,"LNI. Also, shells, a few [TARGET] , one of which is",False,SPECIES
71e7bdc8-20a5-48da-ad19-1265e16eab35,ground stones,ARTEFACT,0,337,350,"one of which is burnt, [TARGET] and a stone tool. Very",False,
71e7bdc8-20a5-48da-ad19-1265e16eab35,stone tool,ARTEFACT,0,357,367,"burnt, ground stones and a [TARGET] . Very few CBM pieces.",False,
71e7bdc8-20a5-48da-ad19-1265e16eab35,CBM,ARTEFACT,0,378,381,"a stone tool. Very few [TARGET] pieces. However, the depth of",True,
71e7bdc8-20a5-48da-ad19-1265e16eab35,CBM,MATERIAL,0,378,381,"a stone tool. Very few [TARGET] pieces. However, the depth of",True,
71e7bdc8-20a5-48da-ad19-1265e16eab35,ditch,CONTEXT,0,425,430,the depth of the possible [TARGET] wasnt reached and the goal,False,
550af4fd-53db-4149-9150-c4d949d56dc0,burial pit,CONTEXT,0,15,25,"The cut of the [TARGET] (F1) was not clearly visible,",False,
550af4fd-53db-4149-9150-c4d949d56dc0,F1,CONTEXT_ID,0,27,29,"of the burial pit ( [TARGET] ) was not clearly visible,",False,
550af4fd-53db-4149-9150-c4d949d56dc0,pit,CONTEXT,0,269,272,layer of the burial. The [TARGET] had been almost entirely reduced,False,
550af4fd-53db-4149-9150-c4d949d56dc0,modern,PERIOD,0,309,315,"been almost entirely reduced by [TARGET] ploughing and excavation, making it",False,
550af4fd-53db-4149-9150-c4d949d56dc0,pit,CONTEXT,0,390,393,"to observe the slopes. The [TARGET] was oval in shape, with",False,
550af4fd-53db-4149-9150-c4d949d56dc0,east,LOCATION,0,468,472,a gentle slope toward the [TARGET] (approximately 3&ndash,4 cm).,None
8c0849f2-fc43-43c0-a78f-c9656636b300,621,CONTEXT_ID,0,8,11,Context [TARGET] corresponds to a small assemblage,False,
8c0849f2-fc43-43c0-a78f-c9656636b300,human,SPECIES,0,49,54,"to a small assemblage of [TARGET] bones blended with loose soil,",False,
8c0849f2-fc43-43c0-a78f-c9656636b300,bones,ARTEFACT,0,55,60,"a small assemblage of human [TARGET] blended with loose soil, found",False,SPECIES
8c0849f2-fc43-43c0-a78f-c9656636b300,soil,MATERIAL,0,80,84,"human bones blended with loose [TARGET] , found near the southern",False,
8c0849f2-fc43-43c0-a78f-c9656636b300,southern edge,LOCATION,0,101,114,"loose soil, found near the [TARGET] of the pit, close to",False,
8c0849f2-fc43-43c0-a78f-c9656636b300,pit,CONTEXT,0,122,125,"the southern edge of the [TARGET] , close to the right",False,
8c0849f2-fc43-43c0-a78f-c9656636b300,right,LOCATION,0,140,145,"the pit, close to the [TARGET] upper arm of the skeleton,",False,
8c0849f2-fc43-43c0-a78f-c9656636b300,skeleton,ARTEFACT,0,163,171,"right upper arm of the [TARGET] , and extending onto the",False,SPECIES
8c0849f2-fc43-43c0-a78f-c9656636b300,inner side,LOCATION,0,196,206,"skeleton, and extending onto the [TARGET] of the outer layer of",False,
8c0849f2-fc43-43c0-a78f-c9656636b300,cover stones,ARTEFACT,0,229,241,of the outer layer of [TARGET] (c618). This deposit includes a,False,
8c0849f2-fc43-43c0-a78f-c9656636b300,c618,CONTEXT_ID,0,243,247,layer of cover stones ( [TARGET] ). This deposit includes a,False,
8c0849f2-fc43-43c0-a78f-c9656636b300,long bone,ARTEFACT,0,274,283,"(c618). This deposit includes a [TARGET] and ribs, which may have",False,SPECIES
8c0849f2-fc43-43c0-a78f-c9656636b300,ribs,ARTEFACT,0,288,292,"includes a long bone and [TARGET] , which may have belonged",False,SPECIES
8c0849f2-fc43-43c0-a78f-c9656636b300,skeleton,ARTEFACT,0,325,333,may have belonged to the [TARGET] c623 (possibly part of the,False,SPECIES
8c0849f2-fc43-43c0-a78f-c9656636b300,c623,CONTEXT_ID,0,334,338,have belonged to the skeleton [TARGET] (possibly part of the arm,False,
8c0849f2-fc43-43c0-a78f-c9656636b300,right,LOCATION,0,369,374,"part of the arm and [TARGET] ribs). Therefore, the interpretation of",False,
8c0849f2-fc43-43c0-a78f-c9656636b300,ribs,ARTEFACT,0,375,379,"of the arm and right [TARGET] ). Therefore, the interpretation of",False,SPECIES
8c0849f2-fc43-43c0-a78f-c9656636b300,remains,ARTEFACT,0,428,435,the interpretation of this deposit [TARGET] unclear. Rather than being a,False,SPECIES
8c0849f2-fc43-43c0-a78f-c9656636b300,animal,SPECIES,0,572,578,"it resulted from bioturbation ( [TARGET] activity). However, osteological analysis may",False,
8c0849f2-fc43-43c0-a78f-c9656636b300,remains,ARTEFACT,0,674,681,into the nature of this [TARGET] .,False,SPECIES
2830a7c1-a3f5-4917-beb3-4dce0bd4f8e0,clayey silt,MATERIAL,0,8,19,Fill of [TARGET] . The lowest fill of,False,
2830a7c1-a3f5-4917-beb3-4dce0bd4f8e0,posthole,CONTEXT,0,44,52,The lowest fill of the [TARGET] exposed in 2019.,False,
2830a7c1-a3f5-4917-beb3-4dce0bd4f8e0,2019,PERIOD,0,64,68,of the posthole exposed in [TARGET] .,False,None
f6e7d704-c2d0-4f90-9018-28cf5b25cc75,southeast corner,LOCATION,0,194,210,identified and excavate on th [TARGET] of the trench for understanding,False,
f6e7d704-c2d0-4f90-9018-28cf5b25cc75,trench,CONTEXT,0,218,224,"th southeast corner of the [TARGET] for understanding context c615, which",False,
f6e7d704-c2d0-4f90-9018-28cf5b25cc75,c615,CONTEXT_ID,0,251,255,"the trench for understanding context [TARGET] , which is full of",False,
f6e7d704-c2d0-4f90-9018-28cf5b25cc75,round stones,ARTEFACT,0,283,295,which is full of selected [TARGET] . C620 is outside of,True,
f6e7d704-c2d0-4f90-9018-28cf5b25cc75,stone,MATERIAL,0,289,294,is full of selected round [TARGET] s. C620 is outside of,True,
f6e7d704-c2d0-4f90-9018-28cf5b25cc75,C620,CONTEXT_ID,0,297,301,full of selected round stones. [TARGET] is outside of the c615,,None
f6e7d704-c2d0-4f90-9018-28cf5b25cc75,c615,CONTEXT_ID,0,320,324,C620 is outside of the [TARGET] , excavate southeast of c615,None
f6e7d704-c2d0-4f90-9018-28cf5b25cc75,c615,CONTEXT_ID,0,348,352,the c615, excavate southeast of [TARGET] to make it align to,None
f6e7d704-c2d0-4f90-9018-28cf5b25cc75,c604,CONTEXT_ID,0,373,377,"to make it align to [TARGET] excavated area, and to understand",False,
f6e7d704-c2d0-4f90-9018-28cf5b25cc75,east section,LOCATION,0,412,424,"excavated area, and to understand [TARGET] . There were some chipped",False,
f6e7d704-c2d0-4f90-9018-28cf5b25cc75,chipped stones,ARTEFACT,0,442,456,"east section. There were some [TARGET] and stone raw material, maybe",True,
f6e7d704-c2d0-4f90-9018-28cf5b25cc75,stone,MATERIAL,0,450,455,"section. There were some chipped [TARGET] s and stone raw material,",True,
f6e7d704-c2d0-4f90-9018-28cf5b25cc75,stone raw material,MATERIAL,0,461,479,"were some chipped stones and [TARGET] , maybe it was a",False,
f6e7d704-c2d0-4f90-9018-28cf5b25cc75,stone,MATERIAL,0,496,501,"material, maybe it was a [TARGET] factory, and other round stones",False,
f6e7d704-c2d0-4f90-9018-28cf5b25cc75,round stones,ARTEFACT,0,521,533,"a stone factory, and other [TARGET] which are easy to take",True,
f6e7d704-c2d0-4f90-9018-28cf5b25cc75,stone,MATERIAL,0,527,532,"stone factory, and other round [TARGET] s which are easy to",True,
f6e7d704-c2d0-4f90-9018-28cf5b25cc75,stone tools,ARTEFACT,0,587,598,"size), is suppose to be [TARGET] . The soil is similar",True,
f6e7d704-c2d0-4f90-9018-28cf5b25cc75,stone,MATERIAL,0,587,592,"size), is suppose to be [TARGET] tools. The soil is similar",True,
f6e7d704-c2d0-4f90-9018-28cf5b25cc75,soil,MATERIAL,0,604,608,"to be stone tools. The [TARGET] is similar with c604, and",False,
f6e7d704-c2d0-4f90-9018-28cf5b25cc75,c604,CONTEXT_ID,0,625,629,"The soil is similar with [TARGET] , and at the same",False,
f6e7d704-c2d0-4f90-9018-28cf5b25cc75,chipped stones,ARTEFACT,0,668,682,"same level there are some [TARGET] , stone raw materials in",True,
f6e7d704-c2d0-4f90-9018-28cf5b25cc75,stone,MATERIAL,0,676,681,"level there are some chipped [TARGET] s, stone raw materials in",True,
f6e7d704-c2d0-4f90-9018-28cf5b25cc75,stone raw material,MATERIAL,0,684,702,"there are some chipped stones, [TARGET] s in the middle of",False,
f6e7d704-c2d0-4f90-9018-28cf5b25cc75,sondage,PERIOD,0,721,728,materials in the middle of [TARGET] and some burned soil which,False,None
f6e7d704-c2d0-4f90-9018-28cf5b25cc75,burned soil,ARTEFACT,0,738,749,"middle of sondage and some [TARGET] which is yellowish brown, and",True,
f6e7d704-c2d0-4f90-9018-28cf5b25cc75,soil,MATERIAL,0,745,749,"of sondage and some burned [TARGET] which is yellowish brown, and",True,
f6e7d704-c2d0-4f90-9018-28cf5b25cc75,ash,MATERIAL,0,785,788,"is yellowish brown, and some [TARGET] nearby, there weere also some",False,
f6e7d704-c2d0-4f90-9018-28cf5b25cc75,conical bone tools,ARTEFACT,0,819,837,"nearby, there weere also some [TARGET] which may be used.]""",False,
c612ecfd-2d82-4201-82bc-b1547512b760,603,CONTEXT_ID,0,12,15,The context [TARGET] corresponds to the human skeleton,False,
c612ecfd-2d82-4201-82bc-b1547512b760,human,SPECIES,0,35,40,context 603 corresponds to the [TARGET] skeleton belonging to the single,False,
c612ecfd-2d82-4201-82bc-b1547512b760,burial F1,CONTEXT,0,74,83,skeleton belonging to the single [TARGET] . Found at 0.55 m,True,
c612ecfd-2d82-4201-82bc-b1547512b760,F1,LOCATION,0,81,83,belonging to the single burial [TARGET] . Found at 0.55 m,True,CONTEXT_ID
c612ecfd-2d82-4201-82bc-b1547512b760,soil,MATERIAL,0,128,132,"the level of the top [TARGET] , it has been damaged",False,
c612ecfd-2d82-4201-82bc-b1547512b760,moderne,PERIOD,0,157,164,it has been damaged by [TARGET] ploughing (causing displacement of the,False,
c612ecfd-2d82-4201-82bc-b1547512b760,bones,ARTEFACT,0,218,223,of the left hand and [TARGET] found in the upper fill,False,SPECIES
c612ecfd-2d82-4201-82bc-b1547512b760,west-east,LOCATION,0,368,377,"skeleton remains preserved). Oriented exactly [TARGET] , like the neighbouring burial",False,
c612ecfd-2d82-4201-82bc-b1547512b760,burial F2,CONTEXT,0,401,410,"exactly west-east, like the neighbouring [TARGET] , this skeleton likely belongs",False,
c612ecfd-2d82-4201-82bc-b1547512b760,right side,LOCATION,0,582,592,"a flexed posture on the [TARGET] , with the head oriented",False,
c612ecfd-2d82-4201-82bc-b1547512b760,east,LOCATION,0,617,621,"side, with the head oriented [TARGET] . Both arms were flexed,",False,
c612ecfd-2d82-4201-82bc-b1547512b760,pit,CONTEXT,0,947,950,"could suggest an initially empty [TARGET] with a cover; however, this",False,
c612ecfd-2d82-4201-82bc-b1547512b760,modern,PERIOD,0,1021,1027,be confirmed due to the [TARGET] disturbance of the skeleton. The,False,
c612ecfd-2d82-4201-82bc-b1547512b760,pit,CONTEXT,0,1130,1133,by the irregularity of the [TARGET] (C613). No artefacts could be,False,
c612ecfd-2d82-4201-82bc-b1547512b760,C613,CONTEXT_ID,0,1135,1139,irregularity of the pit ( [TARGET] ). No artefacts could be,False,
c612ecfd-2d82-4201-82bc-b1547512b760,C606,CONTEXT_ID,0,1236,1240,fill of the burial ( [TARGET] ) consists of the same,False,
c612ecfd-2d82-4201-82bc-b1547512b760,soil,MATERIAL,0,1263,1267,(C606) consists of the same [TARGET] as the surrounding pit (C605).,False,
c612ecfd-2d82-4201-82bc-b1547512b760,pit,CONTEXT,0,1287,1290,"same soil as the surrounding [TARGET] (C605). Nonetheless, a chipped stone",False,
c612ecfd-2d82-4201-82bc-b1547512b760,C605,CONTEXT_ID,0,1292,1296,"as the surrounding pit ( [TARGET] ). Nonetheless, a chipped stone",False,
c612ecfd-2d82-4201-82bc-b1547512b760,stone,ARTEFACT,0,1322,1327,"pit (C605). Nonetheless, a chipped [TARGET] (606 #11) and three shells",True,
c612ecfd-2d82-4201-82bc-b1547512b760,stone,MATERIAL,0,1322,1327,"pit (C605). Nonetheless, a chipped [TARGET] (606 #11) and three shells",True,
c612ecfd-2d82-4201-82bc-b1547512b760,606 #11,CONTEXT_ID,0,1329,1336,"Nonetheless, a chipped stone ( [TARGET] ) and three shells (606",False,
c612ecfd-2d82-4201-82bc-b1547512b760,shells,ARTEFACT,0,1348,1354,"stone (606 #11) and three [TARGET] (606 #10, 15, and 18)",False,
c612ecfd-2d82-4201-82bc-b1547512b760,606 #10,CONTEXT_ID,0,1356,1363,"#11) and three shells ( [TARGET] , 15, and 18) were",False,
c612ecfd-2d82-4201-82bc-b1547512b760,C606,CONTEXT_ID,0,1484,1488,classified as special finds ( [TARGET] ). The preserved length of,False,
c612ecfd-2d82-4201-82bc-b1547512b760,east,LOCATION,0,1551,1555,"skeleton, measured from west to [TARGET] , is 0.90 m.",False,
bbe54ff4-de12-4f52-8ade-d30e0f85f76b,C214,CONTEXT_ID,0,49,53,discovered after the removal of [TARGET] . It has a very,False,
bbe54ff4-de12-4f52-8ade-d30e0f85f76b,wall,CONTEXT,0,157,161,"traces of burnt material, possibly [TARGET] , as we found a",False,
bbe54ff4-de12-4f52-8ade-d30e0f85f76b,CBM,MATERIAL,0,199,202,found a significant amount of [TARGET] with burn marks on it.,False,
bbe54ff4-de12-4f52-8ade-d30e0f85f76b,sherds,ARTEFACT,0,243,249,"it. Also, we found 3 [TARGET] (rim, body and bottom) of",False,
bbe54ff4-de12-4f52-8ade-d30e0f85f76b,bowl,ARTEFACT,0,285,289,and bottom) of the same [TARGET] (2 of them-rim&body- a align,False,
bbe54ff4-de12-4f52-8ade-d30e0f85f76b,late neolithic,PERIOD,0,455,469,It's a typical example of [TARGET] . Also the context was,False,
bbe54ff4-de12-4f52-8ade-d30e0f85f76b,animal,SPECIES,0,517,523,"was probably disturbed by an [TARGET] , considering the animal hole",False,
bbe54ff4-de12-4f52-8ade-d30e0f85f76b,animal hole,CONTEXT,0,541,552,"by an animal, considering the [TARGET] that extends to the western",True,
bbe54ff4-de12-4f52-8ade-d30e0f85f76b,animal,SPECIES,0,541,547,"by an animal, considering the [TARGET] hole that extends to the",True,
bbe54ff4-de12-4f52-8ade-d30e0f85f76b,wall,CONTEXT,0,581,585,"that extends to the western [TARGET] . Therefore, some pieces of",False,
bbe54ff4-de12-4f52-8ade-d30e0f85f76b,late neolithic,PERIOD,0,613,627,"wall. Therefore, some pieces of [TARGET] II ceramic were found .",False,
bbe54ff4-de12-4f52-8ade-d30e0f85f76b,ceramic,MATERIAL,0,631,638,pieces of late neolithic II [TARGET] were found . This context,False,
bbe54ff4-de12-4f52-8ade-d30e0f85f76b,wall,CONTEXT,0,683,687,This context possibly define a [TARGET] if we compare it within,False,
b1f54959-bb9a-42cb-9f84-6d21d05bdf6e,wall,CONTEXT,0,11,15,"""After the [TARGET] (c806) was revealed, the possibility",False,
b1f54959-bb9a-42cb-9f84-6d21d05bdf6e,c806,CONTEXT_ID,0,17,21,"""After the wall ( [TARGET] ) was revealed, the possibility",False,
b1f54959-bb9a-42cb-9f84-6d21d05bdf6e,ditch,CONTEXT,0,58,63,"revealed, the possibility of a [TARGET] on the western side needed",False,
b1f54959-bb9a-42cb-9f84-6d21d05bdf6e,western side,LOCATION,0,71,83,"of a ditch on the [TARGET] needed to be explored, because",False,
b1f54959-bb9a-42cb-9f84-6d21d05bdf6e,H8-99,CONTEXT_ID,0,138,143,because of the similarity with [TARGET] . A dark brown surface,False,
b1f54959-bb9a-42cb-9f84-6d21d05bdf6e,surface,CONTEXT,0,158,165,with H8-99. A dark brown [TARGET] (c807) was revealed on the,False,
b1f54959-bb9a-42cb-9f84-6d21d05bdf6e,c807,CONTEXT_ID,0,167,171,A dark brown surface ( [TARGET] ) was revealed on the,False,
b1f54959-bb9a-42cb-9f84-6d21d05bdf6e,east,LOCATION,0,193,197,(c807) was revealed on the [TARGET] seperated from the wall by,False,
b1f54959-bb9a-42cb-9f84-6d21d05bdf6e,wall,CONTEXT,0,217,221,the east seperated from the [TARGET] by a surface of white,False,
b1f54959-bb9a-42cb-9f84-6d21d05bdf6e,surface,CONTEXT,0,227,234,from the wall by a [TARGET] of white neogene natural soil,False,
b1f54959-bb9a-42cb-9f84-6d21d05bdf6e,neogene,PERIOD,0,244,251,by a surface of white [TARGET] natural soil (c808). The soil,False,
b1f54959-bb9a-42cb-9f84-6d21d05bdf6e,soil,MATERIAL,0,260,264,surface of white neogene natural [TARGET] (c808). The soil of c807,False,
b1f54959-bb9a-42cb-9f84-6d21d05bdf6e,c808,CONTEXT_ID,0,266,270,white neogene natural soil ( [TARGET] ). The soil of c807,False,
b1f54959-bb9a-42cb-9f84-6d21d05bdf6e,soil,MATERIAL,0,277,281,neogene natural soil (c808). The [TARGET] of c807 that was closer,False,
b1f54959-bb9a-42cb-9f84-6d21d05bdf6e,c807,CONTEXT_ID,0,285,289,soil (c808). The soil of [TARGET] that was closer to the,False,
b1f54959-bb9a-42cb-9f84-6d21d05bdf6e,soil,MATERIAL,0,321,325,was closer to the natural [TARGET] on the west side had,False,
b1f54959-bb9a-42cb-9f84-6d21d05bdf6e,west side,LOCATION,0,333,342,the natural soil on the [TARGET] had many white limestone inlcusions,False,
b1f54959-bb9a-42cb-9f84-6d21d05bdf6e,limestone,MATERIAL,0,358,367,west side had many white [TARGET] inlcusions and some yellowish brown,False,
b1f54959-bb9a-42cb-9f84-6d21d05bdf6e,eastern side,LOCATION,0,424,436,"brown parts. Also, on the [TARGET] the pieces of pottery were",False,
b1f54959-bb9a-42cb-9f84-6d21d05bdf6e,Pottery,ARTEFACT,0,472,479,pieces of pottery were larger. [TARGET] was both from Late Neolithic,False,
b1f54959-bb9a-42cb-9f84-6d21d05bdf6e,Late Neolithic,PERIOD,0,494,508,"larger. Pottery was both from [TARGET] I II (almost same amount),",False,
b1f54959-bb9a-42cb-9f84-6d21d05bdf6e,LNII,PERIOD,0,554,558,"amount), but the pieces of [TARGET] were bigger.",False,
85a64e57-8b3b-4429-bf37-2afefe1d4865,central area,LOCATION,0,7,19,"In the [TARGET] , a thicker accumulation of",False,
85a64e57-8b3b-4429-bf37-2afefe1d4865,stones,ARTEFACT,0,47,53,"area, a thicker accumulation of [TARGET] and clay building material had",True,
85a64e57-8b3b-4429-bf37-2afefe1d4865,stones,MATERIAL,0,47,53,"area, a thicker accumulation of [TARGET] and clay building material had",True,
85a64e57-8b3b-4429-bf37-2afefe1d4865,clay building material,ARTEFACT,0,58,80,"thicker accumulation of stones and [TARGET] had collapsed into the pit,",True,
85a64e57-8b3b-4429-bf37-2afefe1d4865,clay building material,MATERIAL,0,58,80,"thicker accumulation of stones and [TARGET] had collapsed into the pit,",True,
85a64e57-8b3b-4429-bf37-2afefe1d4865,pit,CONTEXT,0,104,107,"material had collapsed into the [TARGET] , resulting in damage to",False,
85a64e57-8b3b-4429-bf37-2afefe1d4865,skeletal remains,ARTEFACT,0,136,152,"resulting in damage to the [TARGET] , particularly affecting the middle",False,SPECIES
85a64e57-8b3b-4429-bf37-2afefe1d4865,skeleton,ARTEFACT,0,203,211,the middle section of the [TARGET] through to the lower limbs.,False,SPECIES
85a64e57-8b3b-4429-bf37-2afefe1d4865,clay building material,ARTEFACT,0,256,278,"lower limbs. Seven pieces of [TARGET] , ranging from 7 cm",True,
85a64e57-8b3b-4429-bf37-2afefe1d4865,clay building material,MATERIAL,0,256,278,"lower limbs. Seven pieces of [TARGET] , ranging from 7 cm",True,
6973dd27-05dd-4bde-bc5f-f5f73d117592,burial cover,ARTEFACT,0,4,16,"The [TARGET] , which encases the entire",False,
6973dd27-05dd-4bde-bc5f-f5f73d117592,grave,CONTEXT,0,43,48,"cover, which encases the entire [TARGET] (1.35 m in length by",False,
6973dd27-05dd-4bde-bc5f-f5f73d117592,stones,ARTEFACT,0,153,159,"shape, consists predominantly of angular [TARGET] ranging from 15 cm to",True,
6973dd27-05dd-4bde-bc5f-f5f73d117592,stones,MATERIAL,0,153,159,"shape, consists predominantly of angular [TARGET] ranging from 15 cm to",True,
6973dd27-05dd-4bde-bc5f-f5f73d117592,clay,MATERIAL,0,220,224,with a few pieces of [TARGET] building material. The cover has,False,
6973dd27-05dd-4bde-bc5f-f5f73d117592,modern,PERIOD,0,283,289,"has been slightly damaged by [TARGET] ploughing. During excavation, it was",False,
6973dd27-05dd-4bde-bc5f-f5f73d117592,stones,ARTEFACT,0,364,370,identify an outer row of [TARGET] (c618) running along the edges,True,
6973dd27-05dd-4bde-bc5f-f5f73d117592,stones,MATERIAL,0,364,370,identify an outer row of [TARGET] (c618) running along the edges,True,
6973dd27-05dd-4bde-bc5f-f5f73d117592,c618,CONTEXT_ID,0,372,376,outer row of stones ( [TARGET] ) running along the edges,False,
6973dd27-05dd-4bde-bc5f-f5f73d117592,grave,CONTEXT,0,409,414,"along the edges of the [TARGET] , particularly on the southern,",False,
6973dd27-05dd-4bde-bc5f-f5f73d117592,southern,LOCATION,0,436,444,"the grave, particularly on the [TARGET] , northern, and western sides.",False,
6973dd27-05dd-4bde-bc5f-f5f73d117592,northern,LOCATION,0,446,454,"grave, particularly on the southern, [TARGET] , and western sides. On",False,
6973dd27-05dd-4bde-bc5f-f5f73d117592,western sides,LOCATION,0,460,473,"on the southern, northern, and [TARGET] . On the western side,",False,
6973dd27-05dd-4bde-bc5f-f5f73d117592,western side,LOCATION,0,482,494,"and western sides. On the [TARGET] , the stones were positioned",False,
6973dd27-05dd-4bde-bc5f-f5f73d117592,stones,ARTEFACT,0,500,506,"On the western side, the [TARGET] were positioned on the upper",True,
6973dd27-05dd-4bde-bc5f-f5f73d117592,stones,MATERIAL,0,500,506,"On the western side, the [TARGET] were positioned on the upper",True,
6973dd27-05dd-4bde-bc5f-f5f73d117592,cut,CONTEXT,0,554,557,upper small step of the [TARGET] .,False,
a81f61c3-f2f5-422c-b92a-4f887d498f7c,631,CONTEXT_ID,0,8,11,Context [TARGET] corresponds to the fill of,False,
a81f61c3-f2f5-422c-b92a-4f887d498f7c,pit,CONTEXT,0,41,44,"to the fill of a [TARGET] , which cut layer c625",False,
a81f61c3-f2f5-422c-b92a-4f887d498f7c,c625,CONTEXT_ID,0,62,66,"a pit, which cut layer [TARGET] and extending through contexts 630",False,
a81f61c3-f2f5-422c-b92a-4f887d498f7c,630,CONTEXT_ID,0,98,101,c625 and extending through contexts [TARGET] and 631. It is sealed,False,
a81f61c3-f2f5-422c-b92a-4f887d498f7c,631,CONTEXT_ID,0,106,109,extending through contexts 630 and [TARGET] . It is sealed by,False,
a81f61c3-f2f5-422c-b92a-4f887d498f7c,c616,CONTEXT_ID,0,137,141,is sealed by the layer [TARGET] . The fill consists of,False,
a81f61c3-f2f5-422c-b92a-4f887d498f7c,yellow whitish sandy silt,MATERIAL,0,174,199,fill consists of a friable [TARGET] . By the end of,False,
a81f61c3-f2f5-422c-b92a-4f887d498f7c,2023,PERIOD,0,219,223,"By the end of the [TARGET] excavation season, only 10 to",False,None
a81f61c3-f2f5-422c-b92a-4f887d498f7c,potery sherd,ARTEFACT,0,332,344,"small quantity of finds : [TARGET] , chipped stones, clay building",False,
a81f61c3-f2f5-422c-b92a-4f887d498f7c,chipped stones,ARTEFACT,0,346,360,"of finds : potery sherd, [TARGET] , clay building material and",False,
a81f61c3-f2f5-422c-b92a-4f887d498f7c,clay building material,ARTEFACT,0,362,384,": potery sherd, chipped stones, [TARGET] and shell. | [Original notes",True,
a81f61c3-f2f5-422c-b92a-4f887d498f7c,clay,MATERIAL,0,362,366,": potery sherd, chipped stones, [TARGET] building material and shell. |",True,
a81f61c3-f2f5-422c-b92a-4f887d498f7c,shell,ARTEFACT,0,389,394,"stones, clay building material and [TARGET] . | [Original notes from",False,
a81f61c3-f2f5-422c-b92a-4f887d498f7c,ouside,LOCATION,0,443,449,the context sheet : The [TARGET] boundary of the c631 at,False,
a81f61c3-f2f5-422c-b92a-4f887d498f7c,c631,CONTEXT_ID,0,466,470,The ouside boundary of the [TARGET] at northeast corner was burn,False,
a81f61c3-f2f5-422c-b92a-4f887d498f7c,northeast corner,LOCATION,0,474,490,"boundary of the c631 at [TARGET] was burn hardly, nut at",False,
a81f61c3-f2f5-422c-b92a-4f887d498f7c,nut,SPECIES,0,508,511,"northeast corner was burn hardly, [TARGET] at other side didn t",False,
a81f61c3-f2f5-422c-b92a-4f887d498f7c,c631,CONTEXT_ID,0,665,669,ash layer didn t disturb [TARGET] . It is also possible,False,
a81f61c3-f2f5-422c-b92a-4f887d498f7c,c630,CONTEXT_ID,0,724,728,"a cut which happened after [TARGET] , so it disturbs c630,",False,
a81f61c3-f2f5-422c-b92a-4f887d498f7c,c630,CONTEXT_ID,0,745,749,"after c630, so it disturbs [TARGET] , but the top boundary",False,
a81f61c3-f2f5-422c-b92a-4f887d498f7c,c616,CONTEXT_ID,0,785,789,top boundary didn t reach [TARGET] . The soil is similar,False,
a81f61c3-f2f5-422c-b92a-4f887d498f7c,soil,MATERIAL,0,795,799,didn t reach c616. The [TARGET] is similar to natural soil,False,
a81f61c3-f2f5-422c-b92a-4f887d498f7c,soil,MATERIAL,0,822,826,soil is similar to natural [TARGET] which is white and friable.,False,
a81f61c3-f2f5-422c-b92a-4f887d498f7c,c631,CONTEXT_ID,0,874,878,friable. And the section of [TARGET] is vertical. At the end,False,
a81f61c3-f2f5-422c-b92a-4f887d498f7c,2023,PERIOD,0,906,910,"vertical. At the end of [TARGET] season, we only excavate 10-15",False,None
a81f61c3-f2f5-422c-b92a-4f887d498f7c,c631,CONTEXT_ID,0,948,952,only excavate 10-15 cm of [TARGET] and outside area to see,False,
5b4dfeae-641b-431e-b3ff-e19d4b4db7f0,quern stone,ARTEFACT,0,16,27,We believed the [TARGET] to be sat above a,False,
5b4dfeae-641b-431e-b3ff-e19d4b4db7f0,posthole,CONTEXT,0,46,54,"to be sat above a [TARGET] , which was much darker",False,
5b4dfeae-641b-431e-b3ff-e19d4b4db7f0,chalk,MATERIAL,0,134,139,"surrounding deposit, having significantly less [TARGET] inclusions. However, upon futher investergation",False,
cbbd6943-9ccd-49bc-a261-e2d2316dbb07,Context,CONTEXT,0,0,7, [TARGET] 635 corresponds to a thin,False,None
cbbd6943-9ccd-49bc-a261-e2d2316dbb07,635,CONTEXT_ID,0,8,11,Context [TARGET] corresponds to a thin layer,False,
cbbd6943-9ccd-49bc-a261-e2d2316dbb07,soil,MATERIAL,0,43,47,to a thin layer of [TARGET] found beneath the skeleton c623.,False,
cbbd6943-9ccd-49bc-a261-e2d2316dbb07,skeleton,ARTEFACT,0,66,74,"of soil found beneath the [TARGET] c623. Based on its composition,",False,SPECIES
cbbd6943-9ccd-49bc-a261-e2d2316dbb07,c623,CONTEXT_ID,0,75,79,"soil found beneath the skeleton [TARGET] . Based on its composition,",False,
cbbd6943-9ccd-49bc-a261-e2d2316dbb07,organic material,MATERIAL,0,218,234,decomposed body tissues and possibly [TARGET] upon which the body was,False,
79af7c16-8828-447c-ab02-1c3fdd9b22db,C231,CONTEXT_ID,0,1,5,""" [TARGET] is the deposit as continuity",False,
79af7c16-8828-447c-ab02-1c3fdd9b22db,C202,CONTEXT_ID,0,38,42,the deposit as continuity of [TARGET] (east side of trench) and,False,
79af7c16-8828-447c-ab02-1c3fdd9b22db,east side,LOCATION,0,44,53,as continuity of C202 ( [TARGET] of trench) and C205 (west,False,
79af7c16-8828-447c-ab02-1c3fdd9b22db,trench,CONTEXT,0,57,63,of C202 (east side of [TARGET] ) and C205 (west side,False,
79af7c16-8828-447c-ab02-1c3fdd9b22db,C205,CONTEXT_ID,0,69,73,(east side of trench) and [TARGET] (west side of trench). It,False,
79af7c16-8828-447c-ab02-1c3fdd9b22db,west side,LOCATION,0,75,84,of trench) and C205 ( [TARGET] of trench). It s the,False,
79af7c16-8828-447c-ab02-1c3fdd9b22db,trench,CONTEXT,0,88,94,and C205 (west side of [TARGET] ). It s the deposit,False,
79af7c16-8828-447c-ab02-1c3fdd9b22db,house floor,CONTEXT,0,145,156,to remove to reach the [TARGET] . We excavated it as,False,
79af7c16-8828-447c-ab02-1c3fdd9b22db,porcelain,MATERIAL,0,249,258,layer we still can found [TARGET] and glass which means it,False,
79af7c16-8828-447c-ab02-1c3fdd9b22db,glass,MATERIAL,0,263,268,still can found porcelain and [TARGET] which means it s: still,False,
79af7c16-8828-447c-ab02-1c3fdd9b22db,soil,MATERIAL,0,375,379,"a surface with ashy, powdery [TARGET] which is the same as",False,
79af7c16-8828-447c-ab02-1c3fdd9b22db,house floor,CONTEXT,0,427,438,one we defined as the [TARGET] . The more we excavate,False,
79af7c16-8828-447c-ab02-1c3fdd9b22db,south,LOCATION,0,468,473,"more we excavate to the [TARGET] , the more the findings",False,
79af7c16-8828-447c-ab02-1c3fdd9b22db,animal bone,ARTEFACT,0,543,554,so the quantity especially the [TARGET] . There might be a,True,SPECIES
79af7c16-8828-447c-ab02-1c3fdd9b22db,animal,SPECIES,0,543,549,so the quantity especially the [TARGET] bone. There might be a,True,
79af7c16-8828-447c-ab02-1c3fdd9b22db,pit,CONTEXT,0,573,576,"bone. There might be a [TARGET] around south west corner, we",False,
79af7c16-8828-447c-ab02-1c3fdd9b22db,south,LOCATION,0,584,589,"might be a pit around [TARGET] west corner, we haven t",False,
79af7c16-8828-447c-ab02-1c3fdd9b22db,west corner,LOCATION,0,590,601,"be a pit around south [TARGET] , we haven t defined",False,
79af7c16-8828-447c-ab02-1c3fdd9b22db,bone specialist,PERSON,0,650,665,"its limit. According to the [TARGET] , the animal bones we",False,None
79af7c16-8828-447c-ab02-1c3fdd9b22db,animal bone,ARTEFACT,0,671,682,"to the bone specialist, the [TARGET] s we found there are",True,SPECIES
79af7c16-8828-447c-ab02-1c3fdd9b22db,animal,SPECIES,0,671,677,"to the bone specialist, the [TARGET] bones we found there are",True,
79af7c16-8828-447c-ab02-1c3fdd9b22db,bones,ARTEFACT,0,678,683,"the bone specialist, the animal [TARGET] we found there are all",True,SPECIES
79af7c16-8828-447c-ab02-1c3fdd9b22db,west side,LOCATION,0,780,789,species. The discussion of the [TARGET] .,False,
c4e0f34e-b6ee-42e7-b94d-7359b826048b,622,CONTEXT_ID,0,8,11,Context [TARGET] corresponds to a small assemblage,False,
c4e0f34e-b6ee-42e7-b94d-7359b826048b,bones,ARTEFACT,0,49,54,to a small assemblage of [TARGET] found in the center of,False,SPECIES
c4e0f34e-b6ee-42e7-b94d-7359b826048b,grave,CONTEXT,0,82,87,"in the center of the [TARGET] , on the upper portion",False,
c4e0f34e-b6ee-42e7-b94d-7359b826048b,fill,CONTEXT,0,113,117,on the upper portion of [TARGET] c619 and partially on a,False,
c4e0f34e-b6ee-42e7-b94d-7359b826048b,c619,CONTEXT_ID,0,118,122,"the upper portion of fill [TARGET] and partially on a stone,",False,
c4e0f34e-b6ee-42e7-b94d-7359b826048b,stone,ARTEFACT,0,142,147,"c619 and partially on a [TARGET] , very close to the",True,
c4e0f34e-b6ee-42e7-b94d-7359b826048b,stone,MATERIAL,0,142,147,"c619 and partially on a [TARGET] , very close to the",True,
c4e0f34e-b6ee-42e7-b94d-7359b826048b,deposit,CONTEXT,0,167,174,"stone, very close to the [TARGET] c617. It is possible that",False,
c4e0f34e-b6ee-42e7-b94d-7359b826048b,c617,CONTEXT_ID,0,175,179,very close to the deposit [TARGET] . It is possible that,False,
c4e0f34e-b6ee-42e7-b94d-7359b826048b,deposit,CONTEXT,0,249,256,"originally belonged to the same [TARGET] . However, osteological analysis is",False,
c4e0f34e-b6ee-42e7-b94d-7359b826048b,animal,SPECIES,0,375,381,"remains, specifically whether they are [TARGET] or human bones, and whether",False,
c4e0f34e-b6ee-42e7-b94d-7359b826048b,human,SPECIES,0,385,390,"whether they are animal or [TARGET] bones, and whether they may",False,
c4e0f34e-b6ee-42e7-b94d-7359b826048b,bones,ARTEFACT,0,391,396,"they are animal or human [TARGET] , and whether they may",False,SPECIES
c4e0f34e-b6ee-42e7-b94d-7359b826048b,c623,CONTEXT_ID,0,447,451,may have belonged to individual [TARGET] . As with the deposit,False,
c4e0f34e-b6ee-42e7-b94d-7359b826048b,deposit,CONTEXT,0,465,472,"individual c623. As with the [TARGET] context c621, the possibility of",False,
c4e0f34e-b6ee-42e7-b94d-7359b826048b,c621,CONTEXT_ID,0,481,485,"As with the deposit context [TARGET] , the possibility of disturbances",False,
c4e0f34e-b6ee-42e7-b94d-7359b826048b,animal,SPECIES,0,529,535,possibility of disturbances caused by [TARGET] activity cannot be ruled out.,False,
d1eb51fd-f1e5-4d95-9f44-d9eda68a0f34,structure,CONTEXT,0,4,13,"The [TARGET] measures 2,80 m in width",False,
d1eb51fd-f1e5-4d95-9f44-d9eda68a0f34,mud,MATERIAL,0,113,116,appears to be constructed from [TARGET] and clay. The southern side,False,
d1eb51fd-f1e5-4d95-9f44-d9eda68a0f34,clay,MATERIAL,0,121,125,be constructed from mud and [TARGET] . The southern side is,False,
d1eb51fd-f1e5-4d95-9f44-d9eda68a0f34,southern side,LOCATION,0,131,144,from mud and clay. The [TARGET] is stepped in its upper,False,
d1eb51fd-f1e5-4d95-9f44-d9eda68a0f34,northern side,LOCATION,0,315,328,profile is observed on the [TARGET] (see context 641). While uncovering,False,
d1eb51fd-f1e5-4d95-9f44-d9eda68a0f34,641,CONTEXT_ID,0,342,345,"the northern side (see context [TARGET] ). While uncovering the wall,",False,
d1eb51fd-f1e5-4d95-9f44-d9eda68a0f34,wall,CONTEXT,0,369,373,"context 641). While uncovering the [TARGET] , a few pottery sherds",False,
d1eb51fd-f1e5-4d95-9f44-d9eda68a0f34,pottery sherds,ARTEFACT,0,381,395,"uncovering the wall, a few [TARGET] and animal bones have been",False,
d1eb51fd-f1e5-4d95-9f44-d9eda68a0f34,animal bones,ARTEFACT,0,400,412,a few pottery sherds and [TARGET] have been collected.,True,SPECIES
d1eb51fd-f1e5-4d95-9f44-d9eda68a0f34,animal,SPECIES,0,400,406,a few pottery sherds and [TARGET] bones have been collected.,True,
7a63d0a6-8061-4537-be79-2831da739bff,clay building material,ARTEFACT,0,60,82,"from the cleaning surface - [TARGET] , faunal remains. | [Original",True,
7a63d0a6-8061-4537-be79-2831da739bff,clay,MATERIAL,0,60,64,"from the cleaning surface - [TARGET] building material, faunal remains. |",True,
7a63d0a6-8061-4537-be79-2831da739bff,faunal remains,ARTEFACT,0,84,98,"surface - clay building material, [TARGET] . | [Original notes from",False,
7a63d0a6-8061-4537-be79-2831da739bff,c640,PERIOD,0,205,209,here were transferred to the [TARGET] context : C639 is at,True,CONTEXT_ID
7a63d0a6-8061-4537-be79-2831da739bff,c640,CONTEXT_ID,0,205,209,here were transferred to the [TARGET] context : C639 is at,True,
7a63d0a6-8061-4537-be79-2831da739bff,C639,CONTEXT_ID,0,220,224,to the c640 context : [TARGET] is at southwest corner of,False,
7a63d0a6-8061-4537-be79-2831da739bff,southwest corner,LOCATION,0,231,247,"context : C639 is at [TARGET] of northern sondage , it",False,
7a63d0a6-8061-4537-be79-2831da739bff,northern sondage,PERIOD,0,251,267,"is at southwest corner of [TARGET] , it was below C636",True,None
7a63d0a6-8061-4537-be79-2831da739bff,northern,LOCATION,0,251,259,"is at southwest corner of [TARGET] sondage , it was below",True,
7a63d0a6-8061-4537-be79-2831da739bff,C636,PERIOD,0,283,287,"sondage , it was below [TARGET] and southwest truncated C644 which",True,CONTEXT_ID
7a63d0a6-8061-4537-be79-2831da739bff,C636,CONTEXT_ID,0,283,287,"sondage , it was below [TARGET] and southwest truncated C644 which",True,
7a63d0a6-8061-4537-be79-2831da739bff,southwest,LOCATION,0,292,301,it was below C636 and [TARGET] truncated C644 which is notural,False,
7a63d0a6-8061-4537-be79-2831da739bff,C644,CONTEXT_ID,0,312,316,below C636 and southwest truncated [TARGET] which is notural soil. It,False,
7a63d0a6-8061-4537-be79-2831da739bff,soil,MATERIAL,0,334,338,truncated C644 which is notural [TARGET] . It could be associated,False,
7a63d0a6-8061-4537-be79-2831da739bff,wall,CONTEXT,0,387,391,"with the process of the [TARGET] C601,which is a process prepare",False,
7a63d0a6-8061-4537-be79-2831da739bff,C601,CONTEXT_ID,0,392,396,"the process of the wall [TARGET] ,which is a process prepare",False,
7a63d0a6-8061-4537-be79-2831da739bff,wall,CONTEXT,0,437,441,a process prepare for building [TARGET] . People first dig a,False,
7a63d0a6-8061-4537-be79-2831da739bff,pit,CONTEXT,0,468,471,People first dig a small [TARGET] and smooth the bottom of,False,
7a63d0a6-8061-4537-be79-2831da739bff,pit,CONTEXT,0,497,500,"and smooth the bottom of [TARGET] , then stare fill in",False,
7a63d0a6-8061-4537-be79-2831da739bff,wall,CONTEXT,0,551,555,some building material to the [TARGET] . The cut is extend,False,
7a63d0a6-8061-4537-be79-2831da739bff,wall,CONTEXT,0,594,598,extend into the bottom of [TARGET] (C601) seems to be created,False,
7a63d0a6-8061-4537-be79-2831da739bff,C601,CONTEXT_ID,0,600,604,the bottom of wall ( [TARGET] ) seems to be created,False,
3194a016-b3ad-4830-ae55-c486e804d1d8,c243,CONTEXT_ID,0,21,25,"""C242 is the cut for [TARGET] . The boundary between c242",False,
3194a016-b3ad-4830-ae55-c486e804d1d8,c242,CONTEXT_ID,0,48,52,for c243. The boundary between [TARGET] and c231 is clear at,False,
3194a016-b3ad-4830-ae55-c486e804d1d8,c231,CONTEXT_ID,0,57,61,The boundary between c242 and [TARGET] is clear at the north,False,
3194a016-b3ad-4830-ae55-c486e804d1d8,north,LOCATION,0,78,83,c231 is clear at the [TARGET] and a bit fuzzy toward,False,
3194a016-b3ad-4830-ae55-c486e804d1d8,east,LOCATION,0,111,115,a bit fuzzy toward the [TARGET] . The west and south,False,
3194a016-b3ad-4830-ae55-c486e804d1d8,west,LOCATION,0,121,125,fuzzy toward the east. The [TARGET] and south side of the,False,
3194a016-b3ad-4830-ae55-c486e804d1d8,south,LOCATION,0,130,135,the east. The west and [TARGET] side of the pit is,False,
3194a016-b3ad-4830-ae55-c486e804d1d8,pit,CONTEXT,0,148,151,and south side of the [TARGET] is connected with the wall,False,
3194a016-b3ad-4830-ae55-c486e804d1d8,wall,CONTEXT,0,174,178,pit is connected with the [TARGET] of the trench. The shape,False,
3194a016-b3ad-4830-ae55-c486e804d1d8,trench,CONTEXT,0,186,192,with the wall of the [TARGET] . The shape of the,False,
3194a016-b3ad-4830-ae55-c486e804d1d8,west,LOCATION,0,274,278,then steep down to the [TARGET] . This pit is on,False,
3194a016-b3ad-4830-ae55-c486e804d1d8,pit,CONTEXT,0,285,288,down to the west. This [TARGET] is on south west part,False,
3194a016-b3ad-4830-ae55-c486e804d1d8,south,LOCATION,0,295,300,west. This pit is on [TARGET] west part of trench. Found,False,
3194a016-b3ad-4830-ae55-c486e804d1d8,west,LOCATION,0,301,305,This pit is on south [TARGET] part of trench. Found when,False,
3194a016-b3ad-4830-ae55-c486e804d1d8,trench,CONTEXT,0,314,320,on south west part of [TARGET] . Found when we were,False,
3194a016-b3ad-4830-ae55-c486e804d1d8,c231,CONTEXT_ID,0,350,354,Found when we were removing [TARGET] . We might have lost,False,
3194a016-b3ad-4830-ae55-c486e804d1d8,pit,CONTEXT,0,390,393,lost the top of the [TARGET] . This pit was defined,False,
3194a016-b3ad-4830-ae55-c486e804d1d8,pit,CONTEXT,0,400,403,top of the pit. This [TARGET] was defined as part of,False,
3194a016-b3ad-4830-ae55-c486e804d1d8,c231,CONTEXT_ID,0,439,443,as part of the contect [TARGET] until we found there were,False,
3194a016-b3ad-4830-ae55-c486e804d1d8,animal,SPECIES,0,478,484,found there were lots of [TARGET] bones.,False,
3194a016-b3ad-4830-ae55-c486e804d1d8,bones,ARTEFACT,0,485,490,there were lots of animal [TARGET] .,False,SPECIES
e4041177-20e8-40e1-9fa0-7fc7c67b200a,C234,CONTEXT_ID,0,0,4, [TARGET] is the fill of C206.,False,
e4041177-20e8-40e1-9fa0-7fc7c67b200a,fill,CONTEXT,0,12,16,C234 is the [TARGET] of C206. C206 is the,False,
e4041177-20e8-40e1-9fa0-7fc7c67b200a,C206,LOCATION,0,20,24,C234 is the fill of [TARGET] . C206 is the enclosure,True,CONTEXT_ID
e4041177-20e8-40e1-9fa0-7fc7c67b200a,C206,CONTEXT_ID,0,20,24,C234 is the fill of [TARGET] . C206 is the enclosure,True,
e4041177-20e8-40e1-9fa0-7fc7c67b200a,C206,LOCATION,0,26,30,is the fill of C206. [TARGET] is the enclosure we excavated,True,CONTEXT_ID
e4041177-20e8-40e1-9fa0-7fc7c67b200a,C206,CONTEXT_ID,0,26,30,is the fill of C206. [TARGET] is the enclosure we excavated,True,
e4041177-20e8-40e1-9fa0-7fc7c67b200a,enclosure,CONTEXT,0,38,47,of C206. C206 is the [TARGET] we excavated last season. In,False,
e4041177-20e8-40e1-9fa0-7fc7c67b200a,last season,PERIOD,0,61,72,is the enclosure we excavated [TARGET] . In this season we,False,None
e4041177-20e8-40e1-9fa0-7fc7c67b200a,this season,PERIOD,0,77,88,we excavated last season. In [TARGET] we try to find the,False,None
e4041177-20e8-40e1-9fa0-7fc7c67b200a,east side,LOCATION,0,122,131,to find the extension the [TARGET] of the trench. We found,False,
e4041177-20e8-40e1-9fa0-7fc7c67b200a,trench,CONTEXT,0,139,145,the east side of the [TARGET] . We found it extend,False,
e4041177-20e8-40e1-9fa0-7fc7c67b200a,east side,LOCATION,0,173,182,found it extend to the [TARGET] about 1.5m and the limit,False,
e4041177-20e8-40e1-9fa0-7fc7c67b200a,trench,CONTEXT,0,226,232,limit go outside of the [TARGET] . There is a slope,False,
e4041177-20e8-40e1-9fa0-7fc7c67b200a,enclosure,CONTEXT,0,283,292,after the end of the [TARGET] . There is finds found,False,
e4041177-20e8-40e1-9fa0-7fc7c67b200a,fill,CONTEXT,0,322,326,"is finds found in the [TARGET] as pottery, CBM, bone, shell",False,
e4041177-20e8-40e1-9fa0-7fc7c67b200a,pottery,ARTEFACT,0,330,337,"found in the fill as [TARGET] , CBM, bone, shell and",False,
e4041177-20e8-40e1-9fa0-7fc7c67b200a,CBM,ARTEFACT,0,339,342,"in the fill as pottery, [TARGET] , bone, shell and chipped",False,
e4041177-20e8-40e1-9fa0-7fc7c67b200a,bone,ARTEFACT,0,344,348,"the fill as pottery, CBM, [TARGET] , shell and chipped stone.",False,SPECIES
e4041177-20e8-40e1-9fa0-7fc7c67b200a,shell,ARTEFACT,0,350,355,"fill as pottery, CBM, bone, [TARGET] and chipped stone.",True,
e4041177-20e8-40e1-9fa0-7fc7c67b200a,shell,MATERIAL,0,350,355,"fill as pottery, CBM, bone, [TARGET] and chipped stone.",True,
e4041177-20e8-40e1-9fa0-7fc7c67b200a,chipped stone,ARTEFACT,0,360,373,"pottery, CBM, bone, shell and [TARGET] .",True,
e4041177-20e8-40e1-9fa0-7fc7c67b200a,stone,MATERIAL,0,368,373,"CBM, bone, shell and chipped [TARGET] .",True,
88014b93-7b95-4583-9f45-f994aee090f9,topsoil,MATERIAL,0,42,49,cm consist of very loose [TARGET] made up of light brown,False,
88014b93-7b95-4583-9f45-f994aee090f9,clayish silt,MATERIAL,0,73,85,"made up of light brown [TARGET] with small stones, disturbed by",False,
88014b93-7b95-4583-9f45-f994aee090f9,stones,MATERIAL,0,97,103,"brown clayish silt with small [TARGET] , disturbed by agricultural activities,",False,
88014b93-7b95-4583-9f45-f994aee090f9,plant roots,SPECIES,0,143,154,"stones, disturbed by agricultural activities, [TARGET] , and animal burrows. This",False,
88014b93-7b95-4583-9f45-f994aee090f9,animal,SPECIES,0,160,166,"agricultural activities, plant roots, and [TARGET] burrows. This layer lies above",False,
88014b93-7b95-4583-9f45-f994aee090f9,burials,CONTEXT,0,206,213,layer lies above the two [TARGET] F1 (skeleton C603) and F2,False,
88014b93-7b95-4583-9f45-f994aee090f9,F1,CONTEXT_ID,0,214,216,lies above the two burials [TARGET] (skeleton C603) and F2 (skeleton,False,
88014b93-7b95-4583-9f45-f994aee090f9,skeleton,ARTEFACT,0,218,226,"the two burials F1 ( [TARGET] C603) and F2 (skeleton C623),",False,SPECIES
88014b93-7b95-4583-9f45-f994aee090f9,C603,CONTEXT_ID,0,227,231,"the two burials F1 (skeleton [TARGET] ) and F2 (skeleton C623),",False,
88014b93-7b95-4583-9f45-f994aee090f9,F2,CONTEXT_ID,0,237,239,"burials F1 (skeleton C603) and [TARGET] (skeleton C623), the enclosure C601,",False,
88014b93-7b95-4583-9f45-f994aee090f9,skeleton,ARTEFACT,0,241,249,"(skeleton C603) and F2 ( [TARGET] C623), the enclosure C601, the",False,SPECIES
88014b93-7b95-4583-9f45-f994aee090f9,C623,CONTEXT_ID,0,250,254,"(skeleton C603) and F2 (skeleton [TARGET] ), the enclosure C601, the",False,
88014b93-7b95-4583-9f45-f994aee090f9,enclosure,CONTEXT,0,261,270,"and F2 (skeleton C623), the [TARGET] C601, the adjacent layers C605,",False,
88014b93-7b95-4583-9f45-f994aee090f9,C601,CONTEXT_ID,0,271,275,"F2 (skeleton C623), the enclosure [TARGET] , the adjacent layers C605,",False,
88014b93-7b95-4583-9f45-f994aee090f9,C605,CONTEXT_ID,0,297,301,"enclosure C601, the adjacent layers [TARGET] , C604, and C620, as",False,
88014b93-7b95-4583-9f45-f994aee090f9,C604,CONTEXT_ID,0,303,307,"C601, the adjacent layers C605, [TARGET] , and C620, as well",False,
88014b93-7b95-4583-9f45-f994aee090f9,C620,CONTEXT_ID,0,313,317,"adjacent layers C605, C604, and [TARGET] , as well as the",False,
88014b93-7b95-4583-9f45-f994aee090f9,stone deposit,ARTEFACT,0,334,347,"C620, as well as the [TARGET] at the southern limit of",True,
88014b93-7b95-4583-9f45-f994aee090f9,stone,MATERIAL,0,334,339,"C620, as well as the [TARGET] deposit at the southern limit",True,
88014b93-7b95-4583-9f45-f994aee090f9,southern limit,LOCATION,0,355,369,"the stone deposit at the [TARGET] of the trench (C611, C615).",False,
88014b93-7b95-4583-9f45-f994aee090f9,trench,CONTEXT,0,377,383,"the southern limit of the [TARGET] (C611, C615). | [Previous notes",False,
88014b93-7b95-4583-9f45-f994aee090f9,C611,CONTEXT_ID,0,385,389,"limit of the trench ( [TARGET] , C615). | [Previous notes",False,
88014b93-7b95-4583-9f45-f994aee090f9,C615,CONTEXT_ID,0,391,395,"limit of the trench (C611, [TARGET] ). | [Previous notes on",False,
88014b93-7b95-4583-9f45-f994aee090f9,south,LOCATION,0,445,450,paper recordings : At the [TARGET] limit of the trench. it,False,
88014b93-7b95-4583-9f45-f994aee090f9,trench,CONTEXT,0,464,470,the south limit of the [TARGET] . it supposed to be,False,
88014b93-7b95-4583-9f45-f994aee090f9,trench,CONTEXT,0,509,515,be the inside area of [TARGET] set C604 and the redish,False,
88014b93-7b95-4583-9f45-f994aee090f9,C604,CONTEXT_ID,0,520,524,inside area of trench set [TARGET] and the redish brown area,False,
88014b93-7b95-4583-9f45-f994aee090f9,south,LOCATION,0,571,576,area which is apart from [TARGET] limit consider to be the,False,
88014b93-7b95-4583-9f45-f994aee090f9,ditch,CONTEXT,0,602,607,limit consider to be the [TARGET] set C601 but it seems,False,
88014b93-7b95-4583-9f45-f994aee090f9,C601,CONTEXT_ID,0,612,616,to be the ditch set [TARGET] but it seems like a,False,
88014b93-7b95-4583-9f45-f994aee090f9,wall,CONTEXT,0,637,641,but it seems like a [TARGET] after excavated. And there is,False,
88014b93-7b95-4583-9f45-f994aee090f9,skeleton,ARTEFACT,0,674,682,excavated. And there is a [TARGET] at the 10m far from,False,SPECIES
88014b93-7b95-4583-9f45-f994aee090f9,south,LOCATION,0,703,708,"at the 10m far from [TARGET] wall, which set C603(F1) The",False,
88014b93-7b95-4583-9f45-f994aee090f9,wall,CONTEXT,0,709,713,"the 10m far from south [TARGET] , which set C603(F1) The",False,
88014b93-7b95-4583-9f45-f994aee090f9,C603,CONTEXT_ID,0,725,729,"from south wall, which set [TARGET] (F1) The machine clean from",False,
88014b93-7b95-4583-9f45-f994aee090f9,F1,CONTEXT_ID,0,730,732,"south wall, which set C603( [TARGET] ) The machine clean from",False,
88014b93-7b95-4583-9f45-f994aee090f9,north,LOCATION,0,757,762,"C603(F1) The machine clean from [TARGET] to south.]""",False,
88014b93-7b95-4583-9f45-f994aee090f9,south,LOCATION,0,766,771,"machine clean from north to [TARGET] .]""",False,
4d15945e-0d6c-4cb4-aefc-4a686bb69bcd,northern limit,LOCATION,0,50,64,a cut observed on the [TARGET] of the sondage excavated north,False,
4d15945e-0d6c-4cb4-aefc-4a686bb69bcd,north,LOCATION,0,90,95,limit of the sondage excavated [TARGET] of the wall c601. It,False,
4d15945e-0d6c-4cb4-aefc-4a686bb69bcd,wall,CONTEXT,0,103,107,sondage excavated north of the [TARGET] c601. It truncates the layer,False,
4d15945e-0d6c-4cb4-aefc-4a686bb69bcd,c601,CONTEXT_ID,0,108,112,excavated north of the wall [TARGET] . It truncates the layer,False,
4d15945e-0d6c-4cb4-aefc-4a686bb69bcd,c642,CONTEXT_ID,0,137,141,"c601. It truncates the layer [TARGET] , extending to the subsoil",False,
4d15945e-0d6c-4cb4-aefc-4a686bb69bcd,soil,MATERIAL,0,163,167,"c642, extending to the sub [TARGET] c644. Based on its orientation",False,
4d15945e-0d6c-4cb4-aefc-4a686bb69bcd,c644,CONTEXT_ID,0,168,172,"c642, extending to the subsoil [TARGET] . Based on its orientation",False,
4d15945e-0d6c-4cb4-aefc-4a686bb69bcd,west-east,LOCATION,0,199,208,"c644. Based on its orientation [TARGET] , it could be interpreted",False,
4d15945e-0d6c-4cb4-aefc-4a686bb69bcd,ditch,CONTEXT,0,248,253,"be interpreted as a possible [TARGET] . However, the structure have",False,
4d15945e-0d6c-4cb4-aefc-4a686bb69bcd,2023 excavation season,PERIOD,0,309,331,not been excavated by the [TARGET] . | [Original notes taken,False,None
4d15945e-0d6c-4cb4-aefc-4a686bb69bcd,C643,CONTEXT_ID,0,394,398,It s a cut of [TARGET] which truncate C644 which is,False,
4d15945e-0d6c-4cb4-aefc-4a686bb69bcd,soil,MATERIAL,0,436,440,truncate C644 which is natural [TARGET] . And it s a,False,
4d15945e-0d6c-4cb4-aefc-4a686bb69bcd,east-west,LOCATION,0,453,462,soil. And it s a [TARGET] pit. DID NOT EXCAVATE IN,False,
4d15945e-0d6c-4cb4-aefc-4a686bb69bcd,pit,CONTEXT,0,463,466,And it s a east-west [TARGET] . DID NOT EXCAVATE IN,False,
4d15945e-0d6c-4cb4-aefc-4a686bb69bcd,2023 SEASON,PERIOD,0,488,499,pit. DID NOT EXCAVATE IN [TARGET] ],False,None
b4e5cc22-bf26-4a53-a242-77bdd93dfa89,wall,CONTEXT,0,28,32,Circular white feature near [TARGET] similar to that found in,False,
b4e5cc22-bf26-4a53-a242-77bdd93dfa89,H899,LOCATION,0,58,62,similar to that found in [TARGET] (TSRP23). Seemingly associated with settlement,False,
b4e5cc22-bf26-4a53-a242-77bdd93dfa89,TSRP23,CONTEXT_ID,0,64,70,that found in H899 ( [TARGET] ). Seemingly associated with settlement,False,
b4e5cc22-bf26-4a53-a242-77bdd93dfa89,wall,CONTEXT,0,110,114,(TSRP23). Seemingly associated with settlement [TARGET] ,False,
87295a56-3e39-41ce-ae90-2f9cd51cd99b,cobbles,ARTEFACT,0,39,46,"layer primarily consists of sorted [TARGET] (7-10 cm in size), some",False,
87295a56-3e39-41ce-ae90-2f9cd51cd99b,ground stones,ARTEFACT,0,107,120,"which are fragmented, along with [TARGET] , possibly knapped stones, associated",False,
87295a56-3e39-41ce-ae90-2f9cd51cd99b,knapped stones,ARTEFACT,0,131,145,"along with ground stones, possibly [TARGET] , associated with the indirect",True,
87295a56-3e39-41ce-ae90-2f9cd51cd99b,knapped stones,MATERIAL,0,131,145,"along with ground stones, possibly [TARGET] , associated with the indirect",True,
87295a56-3e39-41ce-ae90-2f9cd51cd99b,pottery sherds,ARTEFACT,0,208,222,"indirect manufacturing process, and some [TARGET] , animal bones and shells.",False,
87295a56-3e39-41ce-ae90-2f9cd51cd99b,animal bones,ARTEFACT,0,224,236,"process, and some pottery sherds, [TARGET] and shells. The inflitrating soil",True,SPECIES
87295a56-3e39-41ce-ae90-2f9cd51cd99b,animal,SPECIES,0,224,230,"process, and some pottery sherds, [TARGET] bones and shells. The inflitrating",True,
87295a56-3e39-41ce-ae90-2f9cd51cd99b,shells,ARTEFACT,0,241,247,"pottery sherds, animal bones and [TARGET] . The inflitrating soil between",False,
87295a56-3e39-41ce-ae90-2f9cd51cd99b,soil,MATERIAL,0,266,270,bones and shells. The inflitrating [TARGET] between the stones is the,False,
87295a56-3e39-41ce-ae90-2f9cd51cd99b,c611,CONTEXT_ID,0,323,327,same as the above context [TARGET] . This context may be,False,
87295a56-3e39-41ce-ae90-2f9cd51cd99b,rubbish area,CONTEXT,0,387,399,to stone tool manufacturing (a [TARGET] ?). A detailed analysis of,False,
87295a56-3e39-41ce-ae90-2f9cd51cd99b,southern limit,LOCATION,0,574,588,: stones found on the [TARGET] of the trench. Lots of,False,
87295a56-3e39-41ce-ae90-2f9cd51cd99b,trench,CONTEXT,0,596,602,"the southern limit of the [TARGET] . Lots of round stones,",False,
87295a56-3e39-41ce-ae90-2f9cd51cd99b,soil,MATERIAL,0,653,657,"is easy to hand, the [TARGET] is same as c620. It",False,
87295a56-3e39-41ce-ae90-2f9cd51cd99b,c620,CONTEXT_ID,0,669,673,the soil is same as [TARGET] . It could be a,False,
87295a56-3e39-41ce-ae90-2f9cd51cd99b,chipped stones,ARTEFACT,0,734,748,"factory, because there were some [TARGET] , flints, scaps and stone",False,
87295a56-3e39-41ce-ae90-2f9cd51cd99b,flints,ARTEFACT,0,750,756,"there were some chipped stones, [TARGET] , scaps and stone rax",False,
87295a56-3e39-41ce-ae90-2f9cd51cd99b,scaps,ARTEFACT,0,758,763,"were some chipped stones, flints, [TARGET] and stone rax materials, which",False,
87295a56-3e39-41ce-ae90-2f9cd51cd99b,stone rax materials,ARTEFACT,0,768,787,"chipped stones, flints, scaps and [TARGET] , which are associated with",False,
87295a56-3e39-41ce-ae90-2f9cd51cd99b,hammer,ARTEFACT,0,875,881,"stones may be used as [TARGET] , and after using these",False,
ed7f90a2-3d8e-41b9-9d26-f166da485fb6,indivual,PERSON,0,46,54,"were clearly associated with the [TARGET] . However, a flint (c619",False,None
ed7f90a2-3d8e-41b9-9d26-f166da485fb6,flint,ARTEFACT,0,67,72,"with the indivual. However, a [TARGET] (c619 #6), a tooth (619",False,
ed7f90a2-3d8e-41b9-9d26-f166da485fb6,c619 #6,CONTEXT_ID,0,74,81,"indivual. However, a flint ( [TARGET] ), a tooth (619 #14),",False,
ed7f90a2-3d8e-41b9-9d26-f166da485fb6,tooth,ARTEFACT,0,86,91,"a flint (c619 #6), a [TARGET] (619 #14), six shells (619",False,SPECIES
ed7f90a2-3d8e-41b9-9d26-f166da485fb6,619 #14,CONTEXT_ID,0,93,100,"(c619 #6), a tooth ( [TARGET] ), six shells (619 #13,",False,
ed7f90a2-3d8e-41b9-9d26-f166da485fb6,shells,ARTEFACT,0,107,113,"a tooth (619 #14), six [TARGET] (619 #13, #22, #23, #24,",False,
ed7f90a2-3d8e-41b9-9d26-f166da485fb6,619 #13,CONTEXT_ID,0,115,122,"(619 #14), six shells ( [TARGET] , #22, #23, #24, #25,",False,
ed7f90a2-3d8e-41b9-9d26-f166da485fb6,#22,CONTEXT_ID,0,124,127,"#14), six shells (619 #13, [TARGET] , #23, #24, #25, #26),",False,
ed7f90a2-3d8e-41b9-9d26-f166da485fb6,#23,CONTEXT_ID,0,129,132,"six shells (619 #13, #22, [TARGET] , #24, #25, #26), found",False,
ed7f90a2-3d8e-41b9-9d26-f166da485fb6,#24,CONTEXT_ID,0,134,137,"shells (619 #13, #22, #23, [TARGET] , #25, #26), found in",False,
ed7f90a2-3d8e-41b9-9d26-f166da485fb6,#25,CONTEXT_ID,0,139,142,"(619 #13, #22, #23, #24, [TARGET] , #26), found in the",False,
ed7f90a2-3d8e-41b9-9d26-f166da485fb6,#26,CONTEXT_ID,0,144,147,"#13, #22, #23, #24, #25, [TARGET] ), found in the area",False,
ed7f90a2-3d8e-41b9-9d26-f166da485fb6,mandible,LOCATION,0,175,183,"in the area of the [TARGET] , neck and shoulder, have",False,
ed7f90a2-3d8e-41b9-9d26-f166da485fb6,shoulder,LOCATION,0,194,202,"of the mandible, neck and [TARGET] , have been recorded separtely.",False,SPECIES
ed7f90a2-3d8e-41b9-9d26-f166da485fb6,sherds,ARTEFACT,0,252,258,"been recorded separtely. Additionally, two [TARGET] of pottery (c624 and 619",False,
ed7f90a2-3d8e-41b9-9d26-f166da485fb6,pottery,ARTEFACT,0,262,269,"separtely. Additionally, two sherds of [TARGET] (c624 and 619 #9) were",False,
ed7f90a2-3d8e-41b9-9d26-f166da485fb6,c624,PERIOD,0,271,275,two sherds of pottery ( [TARGET] and 619 #9) were recorded,False,CONTEXT_ID
ed7f90a2-3d8e-41b9-9d26-f166da485fb6,619 #9,CONTEXT_ID,0,280,286,sherds of pottery (c624 and [TARGET] ) were recorded separately due,False,
ed7f90a2-3d8e-41b9-9d26-f166da485fb6,burial,CONTEXT,0,355,361,"their peculiar position within the [TARGET] . """,False,
e63d998a-7d1e-4e2d-916a-4b16ad0ed8d2,611,CONTEXT_ID,0,8,11,Context [TARGET] corresponds to a research process,False,
e63d998a-7d1e-4e2d-916a-4b16ad0ed8d2,soil,MATERIAL,0,86,90,(cleaning surface) between the top [TARGET] /subsoil (c600) removed by the,False,
e63d998a-7d1e-4e2d-916a-4b16ad0ed8d2,soil,MATERIAL,0,94,98,(cleaning surface) between the topsoil/sub [TARGET] (c600) removed by the excavator,False,
e63d998a-7d1e-4e2d-916a-4b16ad0ed8d2,c600,CONTEXT_ID,0,100,104,surface) between the topsoil/subsoil ( [TARGET] ) removed by the excavator,False,
e63d998a-7d1e-4e2d-916a-4b16ad0ed8d2,stone deposit,ARTEFACT,0,162,175,the preserved layer of the [TARGET] c615. A few finds have,True,
e63d998a-7d1e-4e2d-916a-4b16ad0ed8d2,stone,MATERIAL,0,162,167,the preserved layer of the [TARGET] deposit c615. A few finds,True,
e63d998a-7d1e-4e2d-916a-4b16ad0ed8d2,c615,CONTEXT_ID,0,176,180,layer of the stone deposit [TARGET] . A few finds have,False,
e63d998a-7d1e-4e2d-916a-4b16ad0ed8d2,clayey silt,MATERIAL,0,246,257,"sol, which is made of [TARGET] (stone raw material, chipped stones),",False,
e63d998a-7d1e-4e2d-916a-4b16ad0ed8d2,stone,MATERIAL,0,259,264,"made of clayey silt ( [TARGET] raw material, chipped stones), and",False,
e63d998a-7d1e-4e2d-916a-4b16ad0ed8d2,stones,ARTEFACT,0,287,293,"silt (stone raw material, chipped [TARGET] ), and they may have",True,
e63d998a-7d1e-4e2d-916a-4b16ad0ed8d2,stone,MATERIAL,0,287,292,"silt (stone raw material, chipped [TARGET] s), and they may have",True,
e63d998a-7d1e-4e2d-916a-4b16ad0ed8d2,stone deposit,ARTEFACT,0,328,341,"may have belong to the [TARGET] . Nonetheless, it should be",True,
e63d998a-7d1e-4e2d-916a-4b16ad0ed8d2,stone,MATERIAL,0,328,333,"may have belong to the [TARGET] deposit. Nonetheless, it should be",True,
e63d998a-7d1e-4e2d-916a-4b16ad0ed8d2,trench,CONTEXT,0,412,418,the upper layers of the [TARGET] have been disturb by the,False,
e63d998a-7d1e-4e2d-916a-4b16ad0ed8d2,modern,PERIOD,0,444,450,have been disturb by the [TARGET] ploughings. | [Original notes written,False,
e63d998a-7d1e-4e2d-916a-4b16ad0ed8d2,stone,MATERIAL,0,542,547,": Cleaning surface of the [TARGET] area. The stones are selected,",False,
e63d998a-7d1e-4e2d-916a-4b16ad0ed8d2,stones,ARTEFACT,0,558,564,"of the stone area. The [TARGET] are selected, similar size and",True,
e63d998a-7d1e-4e2d-916a-4b16ad0ed8d2,stone,MATERIAL,0,558,563,"of the stone area. The [TARGET] s are selected, similar size",True,
e63d998a-7d1e-4e2d-916a-4b16ad0ed8d2,river side,LOCATION,0,646,656,"round, maybe were collected from [TARGET] . The soil outside of",False,
e63d998a-7d1e-4e2d-916a-4b16ad0ed8d2,soil,MATERIAL,0,662,666,collected from river side. The [TARGET] outside of the stones is,False,
e63d998a-7d1e-4e2d-916a-4b16ad0ed8d2,stones,ARTEFACT,0,682,688,The soil outside of the [TARGET] is quite hard and clayish.,True,
e63d998a-7d1e-4e2d-916a-4b16ad0ed8d2,stone,MATERIAL,0,682,687,The soil outside of the [TARGET] s is quite hard and,True,
e63d998a-7d1e-4e2d-916a-4b16ad0ed8d2,c604,CONTEXT_ID,0,828,832,align to the sondage of [TARGET] ],False,
4e814c48-4e36-46b0-bc1d-10da7727942c,632,CONTEXT_ID,0,9,12,"""Context [TARGET] corresponds to the cut of",False,
4e814c48-4e36-46b0-bc1d-10da7727942c,pit,CONTEXT,0,50,53,the cut of a circular [TARGET] identified in the sondage south,False,
4e814c48-4e36-46b0-bc1d-10da7727942c,sondage,PERIOD,0,72,79,circular pit identified in the [TARGET] south of wall 601. This,False,None
4e814c48-4e36-46b0-bc1d-10da7727942c,south,LOCATION,0,80,85,pit identified in the sondage [TARGET] of wall 601. This cut,False,
4e814c48-4e36-46b0-bc1d-10da7727942c,wall,CONTEXT,0,89,93,in the sondage south of [TARGET] 601. This cut truncates layer,False,
4e814c48-4e36-46b0-bc1d-10da7727942c,c625,CONTEXT_ID,0,124,128,601. This cut truncates layer [TARGET] and extends into the underlying,False,
4e814c48-4e36-46b0-bc1d-10da7727942c,c630,CONTEXT_ID,0,171,175,"extends into the underlying deposits, [TARGET] and c638. The pit measures",False,
4e814c48-4e36-46b0-bc1d-10da7727942c,c638,CONTEXT_ID,0,180,184,"the underlying deposits, c630 and [TARGET] . The pit measures approximately",False,
4e814c48-4e36-46b0-bc1d-10da7727942c,pit,CONTEXT,0,190,193,"deposits, c630 and c638. The [TARGET] measures approximately 1 meter in",False,
4e814c48-4e36-46b0-bc1d-10da7727942c,2023,PERIOD,0,304,308,"by the end of the [TARGET] excavation season, only 15 cm",False,None
4e814c48-4e36-46b0-bc1d-10da7727942c,northern half,LOCATION,0,346,359,only 15 cm of the [TARGET] of the structure had been,False,
4e814c48-4e36-46b0-bc1d-10da7727942c,pit,CONTEXT,0,401,404,structure had been excavated. The [TARGET] is filled with a homogeneous,False,
4e814c48-4e36-46b0-bc1d-10da7727942c,631,CONTEXT_ID,0,469,472,"upper deposit, recorded as context [TARGET] .",False,
91b6f96c-83a9-42d5-9e0b-2a07c891f578,Top soil,MATERIAL,0,0,8, [TARGET] that was filled in trench,False,
91b6f96c-83a9-42d5-9e0b-2a07c891f578,trench,CONTEXT,0,28,34,soil that was filled in [TARGET] after the end of previous,False,
91b6f96c-83a9-42d5-9e0b-2a07c891f578,previous period,PERIOD,0,52,67,trench after the end of [TARGET] . Material was extracted by,False,
e75b91ad-5d86-4d9d-bc99-13244735a1f9,625,CONTEXT_ID,0,9,12,"""Context [TARGET] corresponds to a layer located",False,
e75b91ad-5d86-4d9d-bc99-13244735a1f9,clay,MATERIAL,0,56,60,a layer located beneath the [TARGET] and mud structure c601. It,False,
e75b91ad-5d86-4d9d-bc99-13244735a1f9,mud,MATERIAL,0,65,68,located beneath the clay and [TARGET] structure c601. It is characterized,False,
e75b91ad-5d86-4d9d-bc99-13244735a1f9,charcoal,ARTEFACT,0,164,172,"colour, ashy nature with numerous [TARGET] inclusions. During the excavation, it",True,MATERIAL
e75b91ad-5d86-4d9d-bc99-13244735a1f9,charcoal,MATERIAL,0,164,172,"colour, ashy nature with numerous [TARGET] inclusions. During the excavation, it",True,
e75b91ad-5d86-4d9d-bc99-13244735a1f9,posthole,CONTEXT,0,242,250,"was initially interpreted as a [TARGET] , as were the nearby",False,
e75b91ad-5d86-4d9d-bc99-13244735a1f9,627,CONTEXT_ID,0,280,283,"as were the nearby contexts [TARGET] and 628. However, after excavating",False,
e75b91ad-5d86-4d9d-bc99-13244735a1f9,628,CONTEXT_ID,0,288,291,"the nearby contexts 627 and [TARGET] . However, after excavating the",False,
e75b91ad-5d86-4d9d-bc99-13244735a1f9,sondage,PERIOD,0,330,337,"However, after excavating the entire [TARGET] , it became clear that",False,None
e75b91ad-5d86-4d9d-bc99-13244735a1f9,animal burrows,CONTEXT,0,404,418,"three contexts, slightly disturbed by [TARGET] , form part of the",True,
e75b91ad-5d86-4d9d-bc99-13244735a1f9,animal,SPECIES,0,404,410,"three contexts, slightly disturbed by [TARGET] burrows, form part of the",True,
e75b91ad-5d86-4d9d-bc99-13244735a1f9,stratigraphic unit,CONTEXT,0,442,460,"form part of the same [TARGET] , which has been interpreted",False,
e75b91ad-5d86-4d9d-bc99-13244735a1f9,preparation layer,CONTEXT,0,503,520,been interpreted as possibly a [TARGET] for the clay and mud,False,
e75b91ad-5d86-4d9d-bc99-13244735a1f9,clay,MATERIAL,0,529,533,"a preparation layer for the [TARGET] and mud wall c601, based",False,
e75b91ad-5d86-4d9d-bc99-13244735a1f9,mud,MATERIAL,0,538,541,"layer for the clay and [TARGET] wall c601, based on the",False,
e75b91ad-5d86-4d9d-bc99-13244735a1f9,wall,CONTEXT,0,542,546,"for the clay and mud [TARGET] c601, based on the current",False,
7b60ce9e-2545-4cb4-af83-6cb82d2150a7,pottery sherds,ARTEFACT,0,81,95,"from the excavated portion, including [TARGET] , a ground stone, chipped",True,
7b60ce9e-2545-4cb4-af83-6cb82d2150a7,pottery,MATERIAL,0,81,88,"from the excavated portion, including [TARGET] sherds, a ground stone, chipped",True,
7b60ce9e-2545-4cb4-af83-6cb82d2150a7,ground stone,ARTEFACT,0,99,111,"portion, including pottery sherds, a [TARGET] , chipped stones, a shell",False,
7b60ce9e-2545-4cb4-af83-6cb82d2150a7,chipped stones,ARTEFACT,0,113,127,"pottery sherds, a ground stone, [TARGET] , a shell object, fragments",False,
7b60ce9e-2545-4cb4-af83-6cb82d2150a7,shell object,ARTEFACT,0,131,143,"ground stone, chipped stones, a [TARGET] , fragments of clay building",False,
7b60ce9e-2545-4cb4-af83-6cb82d2150a7,fragments of clay building material,ARTEFACT,0,145,180,"chipped stones, a shell object, [TARGET] , and shells. | [Original",True,
7b60ce9e-2545-4cb4-af83-6cb82d2150a7,clay,MATERIAL,0,158,162,"a shell object, fragments of [TARGET] building material, and shells. |",True,
7b60ce9e-2545-4cb4-af83-6cb82d2150a7,shells,ARTEFACT,0,186,192,"of clay building material, and [TARGET] . | [Original notes taken",False,
7b60ce9e-2545-4cb4-af83-6cb82d2150a7,C636,CONTEXT_ID,0,250,254,the context sheet record : [TARGET] is below C605 which is,False,
7b60ce9e-2545-4cb4-af83-6cb82d2150a7,C605,CONTEXT_ID,0,264,268,record : C636 is below [TARGET] which is quite similar to,False,
7b60ce9e-2545-4cb4-af83-6cb82d2150a7,C605,CONTEXT_ID,0,295,299,"which is quite similar to [TARGET] but include less of limestone,",False,
7b60ce9e-2545-4cb4-af83-6cb82d2150a7,limestone,MATERIAL,0,320,329,"C605 but include less of [TARGET] , and the color of",False,
7b60ce9e-2545-4cb4-af83-6cb82d2150a7,soil,MATERIAL,0,348,352,"limestone, and the color of [TARGET] become darker. There is also",False,
7b60ce9e-2545-4cb4-af83-6cb82d2150a7,south,LOCATION,0,424,429,"in this layer. Excavate from [TARGET] to north, try to find",False,
7b60ce9e-2545-4cb4-af83-6cb82d2150a7,north,LOCATION,0,433,438,"layer. Excavate from south to [TARGET] , try to find the",False,
7b60ce9e-2545-4cb4-af83-6cb82d2150a7,northern limit,LOCATION,0,456,470,"north, try to find the [TARGET] and botto of C601. At",False,
7b60ce9e-2545-4cb4-af83-6cb82d2150a7,C601,CONTEXT_ID,0,484,488,northern limit and botto of [TARGET] . At the southern area,False,
7b60ce9e-2545-4cb4-af83-6cb82d2150a7,southern area,LOCATION,0,497,510,"botto of C601. At the [TARGET] , it was C641 which",False,
7b60ce9e-2545-4cb4-af83-6cb82d2150a7,C641,CONTEXT_ID,0,520,524,"southern area , it was [TARGET] which is part of collapse",False,
7b60ce9e-2545-4cb4-af83-6cb82d2150a7,C601,CONTEXT_ID,0,558,562,part of collapse of the [TARGET] (wall). After excavated about 15-20cm,False,
7b60ce9e-2545-4cb4-af83-6cb82d2150a7,wall,CONTEXT,0,564,568,collapse of the C601 ( [TARGET] ). After excavated about 15-20cm,False,
7b60ce9e-2545-4cb4-af83-6cb82d2150a7,southwest corner,LOCATION,0,614,630,"about 15-20cm deep, at the [TARGET] come up a round area",False,
7b60ce9e-2545-4cb4-af83-6cb82d2150a7,soil,MATERIAL,0,663,667,a round area with brown [TARGET] which seems like a pit,False,
7b60ce9e-2545-4cb4-af83-6cb82d2150a7,pit,CONTEXT,0,687,690,soil which seems like a [TARGET] set context 639 (with cut,False,
7b60ce9e-2545-4cb4-af83-6cb82d2150a7,639,CONTEXT_ID,0,703,706,"like a pit set context [TARGET] (with cut C640), and at",False,
7b60ce9e-2545-4cb4-af83-6cb82d2150a7,C640,CONTEXT_ID,0,717,721,"set context 639 (with cut [TARGET] ), and at the north",False,
7b60ce9e-2545-4cb4-af83-6cb82d2150a7,north,LOCATION,0,735,740,"cut C640), and at the [TARGET] limit come up an east-west",False,
7b60ce9e-2545-4cb4-af83-6cb82d2150a7,east-west area,LOCATION,0,758,772,"north limit come up an [TARGET] , with some pottery, seem",False,
7b60ce9e-2545-4cb4-af83-6cb82d2150a7,pottery,ARTEFACT,0,784,791,"an east-west area, with some [TARGET] , seem like another pit,",True,
7b60ce9e-2545-4cb4-af83-6cb82d2150a7,pottery,MATERIAL,0,784,791,"an east-west area, with some [TARGET] , seem like another pit,",True,
7b60ce9e-2545-4cb4-af83-6cb82d2150a7,pit,CONTEXT,0,811,814,"some pottery, seem like another [TARGET] , set C643 (with cut",False,
7b60ce9e-2545-4cb4-af83-6cb82d2150a7,C643,CONTEXT_ID,0,820,824,"seem like another pit, set [TARGET] (with cut C645). The other",False,
7b60ce9e-2545-4cb4-af83-6cb82d2150a7,C645,CONTEXT_ID,0,835,839,"pit, set C643 (with cut [TARGET] ). The other atea the",False,
7b60ce9e-2545-4cb4-af83-6cb82d2150a7,soil,MATERIAL,0,861,865,C645). The other atea the [TARGET] become light and with some,False,
7b60ce9e-2545-4cb4-af83-6cb82d2150a7,soil,MATERIAL,0,938,942,"could be part of natural [TARGET] , which set C642 to",False,
7b60ce9e-2545-4cb4-af83-6cb82d2150a7,C642,CONTEXT_ID,0,954,958,"of natural soil, which set [TARGET] to deep excavation.]""",False,
f3f32bca-5b6a-418e-9c35-c9665eab80b0,1046,CONTEXT_ID,0,15,19,Cut in context [TARGET] filled by context 1048. The,False,
f3f32bca-5b6a-418e-9c35-c9665eab80b0,1048,CONTEXT_ID,0,38,42,context 1046 filled by context [TARGET] . The cut operlaps 10-20,False,
f3f32bca-5b6a-418e-9c35-c9665eab80b0,1042,CONTEXT_ID,0,79,83,operlaps 10-20 cm with cut [TARGET] and the difference from the,False,
f3f32bca-5b6a-418e-9c35-c9665eab80b0,floor,CONTEXT,0,171,176,is difficult to discern. Since [TARGET] 1005 covers the top of,False,
f3f32bca-5b6a-418e-9c35-c9665eab80b0,1005,CONTEXT_ID,0,177,181,difficult to discern. Since floor [TARGET] covers the top of context,False,
f3f32bca-5b6a-418e-9c35-c9665eab80b0,1046,CONTEXT_ID,0,208,212,covers the top of context [TARGET] it seems likely that cut,False,
f3f32bca-5b6a-418e-9c35-c9665eab80b0,1042,CONTEXT_ID,0,238,242,it seems likely that cut [TARGET] was excavated after, context 1047.,None
f3f32bca-5b6a-418e-9c35-c9665eab80b0,1047,CONTEXT_ID,0,272,276,1042 was excavated after, context [TARGET] . However the temporal difference,None
f3f32bca-5b6a-418e-9c35-c9665eab80b0,pit,CONTEXT,0,350,353,be very small. In this [TARGET] we found bronze artefacts (find,False,
f3f32bca-5b6a-418e-9c35-c9665eab80b0,bronze artefacts,ARTEFACT,0,363,379,In this pit we found [TARGET] (find A30).,True,
f3f32bca-5b6a-418e-9c35-c9665eab80b0,bronze,MATERIAL,0,363,369,In this pit we found [TARGET] artefacts (find A30).,True,
f3f32bca-5b6a-418e-9c35-c9665eab80b0,A30,CONTEXT_ID,0,386,389,we found bronze artefacts (find [TARGET] ).,False,
523b54d2-a3f7-4515-9ebb-421f1453fa37,context 1038,CONTEXT,0,4,16,the [TARGET] was located in the south,True,CONTEXT_ID
523b54d2-a3f7-4515-9ebb-421f1453fa37,1038,CONTEXT_ID,0,12,16,the context [TARGET] was located in the south,True,
523b54d2-a3f7-4515-9ebb-421f1453fa37,south,LOCATION,0,36,41,1038 was located in the [TARGET] est corner of trench A.,False,
523b54d2-a3f7-4515-9ebb-421f1453fa37,trench A,CONTEXT,0,56,64,the south est corner of [TARGET] . It is the fill,False,
523b54d2-a3f7-4515-9ebb-421f1453fa37,context 1042,CONTEXT,0,92,104,the fill of the cut [TARGET] . It was loose,dark-grey silty,None
523b54d2-a3f7-4515-9ebb-421f1453fa37,1042,CONTEXT_ID,0,100,104,fill of the cut context [TARGET] . It was loose,dark-grey silty,None
523b54d2-a3f7-4515-9ebb-421f1453fa37,clay,MATERIAL,0,135,139,"1042. It was loose;dark-grey silty [TARGET] , composed of small pebbles,",False,
523b54d2-a3f7-4515-9ebb-421f1453fa37,pebbles,MATERIAL,0,159,166,"silty clay, composed of small [TARGET] , a lot of charcoal",False,
523b54d2-a3f7-4515-9ebb-421f1453fa37,charcoal,ARTEFACT,0,177,185,"small pebbles, a lot of [TARGET] and big stones. In the",True,MATERIAL
523b54d2-a3f7-4515-9ebb-421f1453fa37,charcoal,MATERIAL,0,177,185,"small pebbles, a lot of [TARGET] and big stones. In the",True,
523b54d2-a3f7-4515-9ebb-421f1453fa37,stones,MATERIAL,0,194,200,lot of charcoal and big [TARGET] . In the upper interface,False,
523b54d2-a3f7-4515-9ebb-421f1453fa37,A4,CONTEXT_ID,0,245,247,interface of the context find [TARGET] was recorded and retrieved. Below,False,
523b54d2-a3f7-4515-9ebb-421f1453fa37,A14,CONTEXT_ID,0,305,308,Below the biggest stone find [TARGET] ,,None
523b54d2-a3f7-4515-9ebb-421f1453fa37,bones,ARTEFACT,0,383,388,found the are some burnt [TARGET] ,(A11).,SPECIES
523b54d2-a3f7-4515-9ebb-421f1453fa37,A11,CONTEXT_ID,0,390,393,the are some burnt bones,( [TARGET] ).,
fa3fa2d8-2c15-4877-84af-25722eeeb1d5,626,CONTEXT_ID,0,9,12,"""Context [TARGET] corresponds to a large, unworked,",False,
fa3fa2d8-2c15-4877-84af-25722eeeb1d5,stone,ARTEFACT,0,55,60,"to a large, unworked, rounded [TARGET] (L. 0.44 m, W. 0.20",False,
fa3fa2d8-2c15-4877-84af-25722eeeb1d5,grave,CONTEXT,0,140,145,"in the middle of the [TARGET] , in the pelvic area",False,
fa3fa2d8-2c15-4877-84af-25722eeeb1d5,skeleton,ARTEFACT,0,173,181,"the pelvic area of the [TARGET] (c623), oriented north&ndash;south and positioned",False,SPECIES
fa3fa2d8-2c15-4877-84af-25722eeeb1d5,c623,CONTEXT_ID,0,183,187,"area of the skeleton ( [TARGET] ), oriented north&ndash;south and positioned",False,
fa3fa2d8-2c15-4877-84af-25722eeeb1d5,north,LOCATION,0,199,204,"of the skeleton (c623), oriented [TARGET] &ndash;south and positioned near the",False,
fa3fa2d8-2c15-4877-84af-25722eeeb1d5,south,LOCATION,0,211,216,"the skeleton (c623), oriented north&ndash; [TARGET] and positioned near the edge",False,
fa3fa2d8-2c15-4877-84af-25722eeeb1d5,grave,CONTEXT,0,253,258,"near the edge of the [TARGET] . Based on its dimensions,",False,
fa3fa2d8-2c15-4877-84af-25722eeeb1d5,stone,ARTEFACT,0,317,322,"dimensions, location, and orientation, this [TARGET] appears not only to be",False,
fa3fa2d8-2c15-4877-84af-25722eeeb1d5,grave,CONTEXT,0,358,363,"to be part of the [TARGET] cover, but may also represent",False,
fa3fa2d8-2c15-4877-84af-25722eeeb1d5,stone,ARTEFACT,0,416,421,represent a capping or blocking [TARGET] that fell into the interior,False,
fa3fa2d8-2c15-4877-84af-25722eeeb1d5,burial pit,CONTEXT,0,457,467,into the interior of the [TARGET] . It is worth noting,False,
fa3fa2d8-2c15-4877-84af-25722eeeb1d5,c617,CONTEXT_ID,0,501,505,is worth noting that deposit [TARGET] was found directly above this,False,
fa3fa2d8-2c15-4877-84af-25722eeeb1d5,stone,ARTEFACT,0,536,541,was found directly above this [TARGET] .,False,
b9e76edc-ad6a-4ad6-a9df-2e9b1bd81b31,625,CONTEXT_ID,0,48,51,"description and interpretation, see Context [TARGET] . | [Original notes from",False,
b9e76edc-ad6a-4ad6-a9df-2e9b1bd81b31,c627,CONTEXT_ID,0,92,96,notes from context sheet : [TARGET] is a posthole under c616,False,
b9e76edc-ad6a-4ad6-a9df-2e9b1bd81b31,posthole,CONTEXT,0,102,110,sheet : c627 is a [TARGET] under c616 and next to,False,
b9e76edc-ad6a-4ad6-a9df-2e9b1bd81b31,c616,PERIOD,0,117,121,c627 is a posthole under [TARGET] and next to the wall,True,CONTEXT_ID
b9e76edc-ad6a-4ad6-a9df-2e9b1bd81b31,c616,CONTEXT_ID,0,117,121,c627 is a posthole under [TARGET] and next to the wall,True,
b9e76edc-ad6a-4ad6-a9df-2e9b1bd81b31,wall,CONTEXT,0,138,142,c616 and next to the [TARGET] c601. It is supposed to,False,
b9e76edc-ad6a-4ad6-a9df-2e9b1bd81b31,c601,CONTEXT_ID,0,143,147,and next to the wall [TARGET] . It is supposed to,False,
b9e76edc-ad6a-4ad6-a9df-2e9b1bd81b31,wood,MATERIAL,0,178,182,supposed to be a round [TARGET] stick to strengthen the wall.,False,
b9e76edc-ad6a-4ad6-a9df-2e9b1bd81b31,wall,CONTEXT,0,207,211,wood stick to strengthen the [TARGET] . It is at the,False,
b9e76edc-ad6a-4ad6-a9df-2e9b1bd81b31,west side,LOCATION,0,226,235,"wall. It is at the [TARGET] of c625 (another posthole), and",False,
b9e76edc-ad6a-4ad6-a9df-2e9b1bd81b31,c625,CONTEXT_ID,0,239,243,"at the west side of [TARGET] (another posthole), and at the",False,
b9e76edc-ad6a-4ad6-a9df-2e9b1bd81b31,posthole,CONTEXT,0,253,261,"west side of c625 (another [TARGET] ), and at the limit",False,
b9e76edc-ad6a-4ad6-a9df-2e9b1bd81b31,wall,CONTEXT,0,293,297,"the limit of the west [TARGET] (18/07/2023). After excavated, it is",False,
b9e76edc-ad6a-4ad6-a9df-2e9b1bd81b31,18/07/2023,PERIOD,0,299,309,"of the west wall ( [TARGET] ). After excavated, it is",False,None
b9e76edc-ad6a-4ad6-a9df-2e9b1bd81b31,gray ashi layer,MATERIAL,0,337,352,"After excavated, it is a [TARGET] with lots of charcoal, seems",False,
b9e76edc-ad6a-4ad6-a9df-2e9b1bd81b31,charcoal,ARTEFACT,0,366,374,"ashi layer with lots of [TARGET] , seems like there used",True,MATERIAL
b9e76edc-ad6a-4ad6-a9df-2e9b1bd81b31,charcoal,MATERIAL,0,366,374,"ashi layer with lots of [TARGET] , seems like there used",True,
b9e76edc-ad6a-4ad6-a9df-2e9b1bd81b31,wall,CONTEXT,0,479,483,do something prepare for building [TARGET] . The depth of the,False,
b9e76edc-ad6a-4ad6-a9df-2e9b1bd81b31,c625,CONTEXT_ID,0,544,548,cm. It is similar with [TARGET] and c628 but heavily disturbed,False,
b9e76edc-ad6a-4ad6-a9df-2e9b1bd81b31,c628,CONTEXT_ID,0,553,557,is similar with c625 and [TARGET] but heavily disturbed by animals.,False,
b9e76edc-ad6a-4ad6-a9df-2e9b1bd81b31,animals,SPECIES,0,583,590,c628 but heavily disturbed by [TARGET] . So there is some,False,
b9e76edc-ad6a-4ad6-a9df-2e9b1bd81b31,animals bone,ARTEFACT,0,609,621,animals. So there is some [TARGET] in this layer. The soil,True,SPECIES
b9e76edc-ad6a-4ad6-a9df-2e9b1bd81b31,animals,SPECIES,0,609,616,animals. So there is some [TARGET] bone in this layer. The,True,
b9e76edc-ad6a-4ad6-a9df-2e9b1bd81b31,soil,MATERIAL,0,641,645,"bone in this layer. The [TARGET] is ashey and gray, due",False,
b9e76edc-ad6a-4ad6-a9df-2e9b1bd81b31,ashey,MATERIAL,0,649,654,"this layer. The soil is [TARGET] and gray, due to animals",False,
b9e76edc-ad6a-4ad6-a9df-2e9b1bd81b31,animals,SPECIES,0,672,679,"ashey and gray, due to [TARGET] disturb. There is a S",False,
b9e76edc-ad6a-4ad6-a9df-2e9b1bd81b31,S tubbel,ARTEFACT,0,700,708,animals disturb. There is a [TARGET] with brownish gray soil in,False,
b9e76edc-ad6a-4ad6-a9df-2e9b1bd81b31,soil,MATERIAL,0,728,732,S tubbel with brownish gray [TARGET] in the layer which is,False,
b9e76edc-ad6a-4ad6-a9df-2e9b1bd81b31,animals,SPECIES,0,763,770,"layer which is made by [TARGET] .]""",False,
95c9d442-ff79-412a-b585-99b3d868c3de,625,CONTEXT_ID,0,48,51,"description and interpretation, see Context [TARGET] . | [Original notes from",False,
95c9d442-ff79-412a-b585-99b3d868c3de,C628,CONTEXT_ID,0,96,100,from the context sheet : [TARGET] is posthole at the north,False,
95c9d442-ff79-412a-b585-99b3d868c3de,posthole,CONTEXT,0,104,112,context sheet : C628 is [TARGET] at the north east corner,False,
95c9d442-ff79-412a-b585-99b3d868c3de,north east corner,LOCATION,0,120,137,"C628 is posthole at the [TARGET] of the sondage, which is",False,
95c9d442-ff79-412a-b585-99b3d868c3de,sondage,PERIOD,0,145,152,"north east corner of the [TARGET] , which is supposed to",False,None
95c9d442-ff79-412a-b585-99b3d868c3de,wood stick,ARTEFACT,0,186,196,supposed to be a round [TARGET] to strengthen the wall (c601),True,
95c9d442-ff79-412a-b585-99b3d868c3de,wood,MATERIAL,0,186,190,supposed to be a round [TARGET] stick to strengthen the wall,True,
95c9d442-ff79-412a-b585-99b3d868c3de,wall,CONTEXT,0,215,219,"wood stick to strengthen the [TARGET] (c601) (18/07/23). After excavated, it",False,
95c9d442-ff79-412a-b585-99b3d868c3de,c601,CONTEXT_ID,0,221,225,"to strengthen the wall ( [TARGET] ) (18/07/23). After excavated, it",False,
95c9d442-ff79-412a-b585-99b3d868c3de,18/07/23,PERIOD,0,228,236,"strengthen the wall (c601) ( [TARGET] ). After excavated, it is",False,None
95c9d442-ff79-412a-b585-99b3d868c3de,layer,CONTEXT,0,264,269,"After excavated, it is a [TARGET] with lots of charcoal, the",False,
95c9d442-ff79-412a-b585-99b3d868c3de,charcoal,ARTEFACT,0,283,291,"a layer with lots of [TARGET] , the colour of the",True,MATERIAL
95c9d442-ff79-412a-b585-99b3d868c3de,charcoal,MATERIAL,0,283,291,"a layer with lots of [TARGET] , the colour of the",True,
95c9d442-ff79-412a-b585-99b3d868c3de,soil,MATERIAL,0,311,315,"charcoal, the colour of the [TARGET] is gray and ashy, same",False,
95c9d442-ff79-412a-b585-99b3d868c3de,c625,CONTEXT_ID,0,342,346,"gray and ashy, same as [TARGET] , and connect with c625-627,",False,
95c9d442-ff79-412a-b585-99b3d868c3de,c625-627,CONTEXT_ID,0,365,373,"as c625, and connect with [TARGET] , at the bottome of",False,
95c9d442-ff79-412a-b585-99b3d868c3de,layer,CONTEXT,0,393,398,"c625-627, at the bottome of [TARGET] , it came up lot",False,
95c9d442-ff79-412a-b585-99b3d868c3de,charcoal,ARTEFACT,0,418,426,"it came up lot of [TARGET] , and the soil become",True,MATERIAL
95c9d442-ff79-412a-b585-99b3d868c3de,charcoal,MATERIAL,0,418,426,"it came up lot of [TARGET] , and the soil become",True,
95c9d442-ff79-412a-b585-99b3d868c3de,soil,MATERIAL,0,436,440,"lot of charcoal, and the [TARGET] become more brownish.]""",False,
b1dcf32f-f990-43b6-a126-203fb56e3b09,608,CONTEXT_ID,0,8,11,Context [TARGET] corresponds to a lens of,False,
b1dcf32f-f990-43b6-a126-203fb56e3b09,bones,ARTEFACT,0,64,69,of discrete burnt and unburnt [TARGET] (possibly animal bones) found on,False,SPECIES
b1dcf32f-f990-43b6-a126-203fb56e3b09,animal,SPECIES,0,80,86,burnt and unburnt bones (possibly [TARGET] bones) found on one of,False,
b1dcf32f-f990-43b6-a126-203fb56e3b09,bones,ARTEFACT,0,87,92,and unburnt bones (possibly animal [TARGET] ) found on one of,False,SPECIES
b1dcf32f-f990-43b6-a126-203fb56e3b09,stones,MATERIAL,0,114,120,found on one of the [TARGET] of the burial cover (c614),False,
b1dcf32f-f990-43b6-a126-203fb56e3b09,burial cover,CONTEXT,0,128,140,of the stones of the [TARGET] (c614) in the southern part,False,
b1dcf32f-f990-43b6-a126-203fb56e3b09,c614,CONTEXT_ID,0,142,146,of the burial cover ( [TARGET] ) in the southern part,False,
b1dcf32f-f990-43b6-a126-203fb56e3b09,southern part,LOCATION,0,155,168,burial cover (c614) in the [TARGET] of the grave. It is,False,
b1dcf32f-f990-43b6-a126-203fb56e3b09,grave,CONTEXT,0,176,181,the southern part of the [TARGET] . It is assumed that,False,
b1dcf32f-f990-43b6-a126-203fb56e3b09,structure,CONTEXT,0,436,445,"on the surface of the [TARGET] . Furthermore, bone analysis could",False,
559a290c-f409-46e7-989e-31c580b75f73,c607,CONTEXT_ID,0,8,12,The cut [TARGET] corresponds to the pit of,False,
559a290c-f409-46e7-989e-31c580b75f73,pit,CONTEXT,0,32,35,cut c607 corresponds to the [TARGET] of the single burial F2.,False,
559a290c-f409-46e7-989e-31c580b75f73,layer,CONTEXT,0,74,79,"burial F2. Cut into the [TARGET] c605, it is filled with",False,
559a290c-f409-46e7-989e-31c580b75f73,c605,CONTEXT_ID,0,80,84,"F2. Cut into the layer [TARGET] , it is filled with",False,
559a290c-f409-46e7-989e-31c580b75f73,c635,CONTEXT_ID,0,104,108,"c605, it is filled with [TARGET] (a thin layer found under",False,
559a290c-f409-46e7-989e-31c580b75f73,layer,CONTEXT,0,117,122,filled with c635 (a thin [TARGET] found under the skeletal resulted,False,
559a290c-f409-46e7-989e-31c580b75f73,c637,CONTEXT_ID,0,244,248,"organic material), the stones elements [TARGET] , the skeleton c623, the",False,
559a290c-f409-46e7-989e-31c580b75f73,skeleton,ARTEFACT,0,254,262,"the stones elements c637, the [TARGET] c623, the burial fill (c619),",False,SPECIES
559a290c-f409-46e7-989e-31c580b75f73,c623,CONTEXT_ID,0,263,267,"stones elements c637, the skeleton [TARGET] , the burial fill (c619),",False,
559a290c-f409-46e7-989e-31c580b75f73,burial fill,CONTEXT,0,273,284,"c637, the skeleton c623, the [TARGET] (c619), and some elements of",False,
559a290c-f409-46e7-989e-31c580b75f73,c619,CONTEXT_ID,0,286,290,"c623, the burial fill ( [TARGET] ), and some elements of",False,
559a290c-f409-46e7-989e-31c580b75f73,c614,CONTEXT_ID,0,331,335,"of the stone cover ( [TARGET] , c618, c626). In plan",False,
559a290c-f409-46e7-989e-31c580b75f73,c618,CONTEXT_ID,0,337,341,"of the stone cover (c614, [TARGET] , c626). In plan the",False,
559a290c-f409-46e7-989e-31c580b75f73,c626,CONTEXT_ID,0,343,347,"the stone cover (c614, c618, [TARGET] ). In plan the cut",False,
559a290c-f409-46e7-989e-31c580b75f73,west-east,LOCATION,0,440,449,"and 1,20 in width, oriented [TARGET] , similar to the neaby",False,
559a290c-f409-46e7-989e-31c580b75f73,neaby,PERSON,0,466,471,"oriented west-east, similar to the [TARGET] burial F1. It is a",False,None
559a290c-f409-46e7-989e-31c580b75f73,pit,CONTEXT,0,499,502,"F1. It is a shallow [TARGET] (0.27 m in depth), with",False,
559a290c-f409-46e7-989e-31c580b75f73,western,LOCATION,0,548,555,"with stepped sides on the [TARGET] and eastern ends, and more",False,
559a290c-f409-46e7-989e-31c580b75f73,eastern,LOCATION,0,560,567,"sides on the western and [TARGET] ends, and more vertical walls",False,
559a290c-f409-46e7-989e-31c580b75f73,walls,CONTEXT,0,592,597,"eastern ends, and more vertical [TARGET] on the south-western and northern",False,
559a290c-f409-46e7-989e-31c580b75f73,south-western,LOCATION,0,605,618,more vertical walls on the [TARGET] and northern side. The uneven,False,
559a290c-f409-46e7-989e-31c580b75f73,northern side,LOCATION,0,623,636,walls on the south-western and [TARGET] . The uneven base of,False,
559a290c-f409-46e7-989e-31c580b75f73,northeast,LOCATION,0,707,716,a gentle slope to the [TARGET] . Its irregularity is due,False,
559a290c-f409-46e7-989e-31c580b75f73,animal,SPECIES,0,771,777,"is due to bioturbations (especially [TARGET] burrows), and the nature of",False,
559a290c-f409-46e7-989e-31c580b75f73,embedding layer,CONTEXT,0,810,825,"and the nature of the [TARGET] (c605), interpreted as a fill",False,
559a290c-f409-46e7-989e-31c580b75f73,c605,CONTEXT_ID,0,827,831,"of the embedding layer ( [TARGET] ), interpreted as a fill",False,
559a290c-f409-46e7-989e-31c580b75f73,soil,MATERIAL,0,883,887,"fill containing mixed material ( [TARGET] , clay building material, pottery,",False,
559a290c-f409-46e7-989e-31c580b75f73,clay,MATERIAL,0,889,893,"fill containing mixed material (soil, [TARGET] building material, pottery, and limestone",False,
559a290c-f409-46e7-989e-31c580b75f73,pottery,ARTEFACT,0,913,920,"material (soil, clay building material, [TARGET] , and limestone gravel inclusions).",True,
559a290c-f409-46e7-989e-31c580b75f73,pottery,MATERIAL,0,913,920,"material (soil, clay building material, [TARGET] , and limestone gravel inclusions).",True,
559a290c-f409-46e7-989e-31c580b75f73,limestone gravel,MATERIAL,0,926,942,"clay building material, pottery, and [TARGET] inclusions).",False,
eb06eb9f-daca-46cd-a7db-9aac6175fb6a,Charcoal,ARTEFACT,0,0,8, [TARGET] /ashy layer encasing wall,True,MATERIAL
eb06eb9f-daca-46cd-a7db-9aac6175fb6a,Charcoal,MATERIAL,0,0,8, [TARGET] /ashy layer encasing wall,True,
eb06eb9f-daca-46cd-a7db-9aac6175fb6a,ashy,MATERIAL,0,9,13,Charcoal/ [TARGET] layer encasing wall,False,
eb06eb9f-daca-46cd-a7db-9aac6175fb6a,wall,CONTEXT,0,29,33,Charcoal/ashy layer encasing [TARGET] ,False,
e8b6120b-5fa4-4664-846c-3e7ad5dbf510,Thia,PERSON,0,0,4, [TARGET] context is assosiated with the,False,None
e8b6120b-5fa4-4664-846c-3e7ad5dbf510,CBM,ARTEFACT,0,136,139,involves a high concentration of [TARGET] pecies with organic impreints (so,True,
e8b6120b-5fa4-4664-846c-3e7ad5dbf510,CBM,MATERIAL,0,136,139,involves a high concentration of [TARGET] pecies with organic impreints (so,True,
e8b6120b-5fa4-4664-846c-3e7ad5dbf510,pecies,MATERIAL,0,140,146,a high concentration of CBM [TARGET] with organic impreints (so far).,False,
e8b6120b-5fa4-4664-846c-3e7ad5dbf510,organic impreints,MATERIAL,0,152,169,concentration of CBM pecies with [TARGET] (so far). On the norther,False,
e8b6120b-5fa4-4664-846c-3e7ad5dbf510,norther side,LOCATION,0,187,199,impreints (so far). On the [TARGET] were also piceses of plaster.,False,
e8b6120b-5fa4-4664-846c-3e7ad5dbf510,piceses,ARTEFACT,0,210,217,the norther side were also [TARGET] of plaster. On the souther,True,
e8b6120b-5fa4-4664-846c-3e7ad5dbf510,piceses,MATERIAL,0,210,217,the norther side were also [TARGET] of plaster. On the souther,True,
e8b6120b-5fa4-4664-846c-3e7ad5dbf510,plaster,MATERIAL,0,221,228,side were also piceses of [TARGET] . On the souther side,False,
e8b6120b-5fa4-4664-846c-3e7ad5dbf510,souther side,LOCATION,0,237,249,piceses of plaster. On the [TARGET] the CBM was firmer and,False,
e8b6120b-5fa4-4664-846c-3e7ad5dbf510,CBM,ARTEFACT,0,254,257,On the souther side the [TARGET] was firmer and more compact.,True,
e8b6120b-5fa4-4664-846c-3e7ad5dbf510,CBM,MATERIAL,0,254,257,On the souther side the [TARGET] was firmer and more compact.,True,
e8b6120b-5fa4-4664-846c-3e7ad5dbf510,16/07/2024,PERIOD,0,294,304,and more compact. On the [TARGET] we decided to remove the,False,None
e8b6120b-5fa4-4664-846c-3e7ad5dbf510,CBM,ARTEFACT,0,330,333,we decided to remove the [TARGET] . On the S side,True,
e8b6120b-5fa4-4664-846c-3e7ad5dbf510,CBM,MATERIAL,0,330,333,we decided to remove the [TARGET] . On the S side,True,
e8b6120b-5fa4-4664-846c-3e7ad5dbf510,S side,LOCATION,0,342,348,remove the CBM. On the [TARGET] the CBM was more firm,False,
e8b6120b-5fa4-4664-846c-3e7ad5dbf510,CBM,ARTEFACT,0,353,356,On the S side the [TARGET] was more firm and compacted,True,
e8b6120b-5fa4-4664-846c-3e7ad5dbf510,CBM,MATERIAL,0,353,356,On the S side the [TARGET] was more firm and compacted,True,
e8b6120b-5fa4-4664-846c-3e7ad5dbf510,N side,LOCATION,0,398,404,and compacted while of the [TARGET] it s looser and mroe,False,
e8b6120b-5fa4-4664-846c-3e7ad5dbf510,CBM,ARTEFACT,0,435,438,s looser and mroe friable. [TARGET] included organic material imprints and,True,
e8b6120b-5fa4-4664-846c-3e7ad5dbf510,CBM,MATERIAL,0,435,438,s looser and mroe friable. [TARGET] included organic material imprints and,True,
e8b6120b-5fa4-4664-846c-3e7ad5dbf510,organic material,MATERIAL,0,448,464,and mroe friable. CBM included [TARGET] imprints and some were burnt.,False,
e8b6120b-5fa4-4664-846c-3e7ad5dbf510,strucuter,CONTEXT,0,542,551,procedded we realised that the [TARGET] has an ovan shape with,False,
e8b6120b-5fa4-4664-846c-3e7ad5dbf510,N side,LOCATION,0,601,607,shape with rectangular cornerson the [TARGET] . we also found the,False,
e8b6120b-5fa4-4664-846c-3e7ad5dbf510,bottom,CONTEXT,0,627,633,side. we also found the [TARGET] .,False,
8787ca26-8412-4d28-a612-dd2d20d695ef,c644,CONTEXT_ID,0,8,12,Context [TARGET] corresponds to the lowest layer,False,
8787ca26-8412-4d28-a612-dd2d20d695ef,sondage,PERIOD,0,60,67,lowest layer reached in the [TARGET] opened on the northern side,False,None
8787ca26-8412-4d28-a612-dd2d20d695ef,northern side,LOCATION,0,82,95,"the sondage opened on the [TARGET] of the wall c601, by",False,
8787ca26-8412-4d28-a612-dd2d20d695ef,wall,CONTEXT,0,103,107,"the northern side of the [TARGET] c601, by the end othe",False,
8787ca26-8412-4d28-a612-dd2d20d695ef,c601,CONTEXT_ID,0,108,112,"northern side of the wall [TARGET] , by the end othe",False,
8787ca26-8412-4d28-a612-dd2d20d695ef,2023 excavation season,PERIOD,0,130,152,"c601, by the end othe [TARGET] . This sandy silt layer",False,None
8787ca26-8412-4d28-a612-dd2d20d695ef,pit,CONTEXT,0,352,355,sector. It is truncated by [TARGET] cut c640 (filled by c639),False,
8787ca26-8412-4d28-a612-dd2d20d695ef,c639,CONTEXT_ID,0,376,380,pit cut c640 (filled by [TARGET] ) and by another possible,False,
8787ca26-8412-4d28-a612-dd2d20d695ef,pit,CONTEXT,0,406,409,c639) and by another possible [TARGET] or ditch c645 (filled by,False,
8787ca26-8412-4d28-a612-dd2d20d695ef,ditch,CONTEXT,0,413,418,by another possible pit or [TARGET] c645 (filled by c643). No,False,
8787ca26-8412-4d28-a612-dd2d20d695ef,c645,CONTEXT_ID,0,419,423,another possible pit or ditch [TARGET] (filled by c643). No testing,False,
8787ca26-8412-4d28-a612-dd2d20d695ef,c643,CONTEXT_ID,0,435,439,or ditch c645 (filled by [TARGET] ). No testing was carried,False,
8787ca26-8412-4d28-a612-dd2d20d695ef,2023 excavation season,PERIOD,0,487,509,by the end of the [TARGET] . | [Original notes from,False,None
8787ca26-8412-4d28-a612-dd2d20d695ef,C640,CONTEXT_ID,0,604,608,artifact. and was cut by [TARGET] at southwest corner next to,False,
8787ca26-8412-4d28-a612-dd2d20d695ef,southwest corner,LOCATION,0,612,628,was cut by C640 at [TARGET] next to C601 and at,False,
8787ca26-8412-4d28-a612-dd2d20d695ef,north limit,LOCATION,0,653,664,to C601 and at the [TARGET] was cut by C643. IN,False,
8787ca26-8412-4d28-a612-dd2d20d695ef,2023 SEASON,PERIOD,0,685,696,was cut by C643. IN [TARGET] DID NOT EXCAVATE],False,None
d36210bd-9bee-443c-8c95-5165811881b8,clay,MATERIAL,0,19,23,Deflated base of a [TARGET] wall - enclosure,False,
d36210bd-9bee-443c-8c95-5165811881b8,wall,CONTEXT,0,24,28,Deflated base of a clay [TARGET] - enclosure,False,
d36210bd-9bee-443c-8c95-5165811881b8,enclosure,CONTEXT,0,31,40,of a clay wall - [TARGET] ,False,
9daafbe5-67e5-44f7-89aa-d8399f2dbcf6,block,ARTEFACT,0,54,59,delimitation / demarcation from the [TARGET] behind the back of the,False,
9daafbe5-67e5-44f7-89aa-d8399f2dbcf6,pit,CONTEXT,0,165,168,"to the morphology of the [TARGET] . However, the right humerus",False,
9daafbe5-67e5-44f7-89aa-d8399f2dbcf6,right,LOCATION,0,183,188,"of the pit. However, the [TARGET] humerus shoud have fallen laterally",False,
9daafbe5-67e5-44f7-89aa-d8399f2dbcf6,humerus,SPECIES,0,189,196,"the pit. However, the right [TARGET] shoud have fallen laterally towards",False,
9daafbe5-67e5-44f7-89aa-d8399f2dbcf6,wall,CONTEXT,0,302,306,deceased. The presence of a [TARGET] is postulated to have prevented,False,
9daafbe5-67e5-44f7-89aa-d8399f2dbcf6,humerus,SPECIES,0,343,350,postulated to have prevented the [TARGET] from falling due to gravity,False,
9daafbe5-67e5-44f7-89aa-d8399f2dbcf6,wall,CONTEXT,0,453,457,"initial presence of an organic [TARGET] (such as wood, textile, etc.)",False,
9daafbe5-67e5-44f7-89aa-d8399f2dbcf6,wood,MATERIAL,0,467,471,"an organic wall (such as [TARGET] , textile, etc.) against the",False,
9daafbe5-67e5-44f7-89aa-d8399f2dbcf6,textile,MATERIAL,0,473,480,"organic wall (such as wood, [TARGET] , etc.) against the right",False,
9daafbe5-67e5-44f7-89aa-d8399f2dbcf6,right,LOCATION,0,500,505,"wood, textile, etc.) against the [TARGET] arm. Alternatively, this could be",False,
9daafbe5-67e5-44f7-89aa-d8399f2dbcf6,pit,CONTEXT,0,566,569,"to the erosion of the [TARGET] wall, and the suubsequent deposition",False,
9daafbe5-67e5-44f7-89aa-d8399f2dbcf6,wall,CONTEXT,0,570,574,"the erosion of the pit [TARGET] , and the suubsequent deposition",False,
9daafbe5-67e5-44f7-89aa-d8399f2dbcf6,sediment,MATERIAL,0,610,618,and the suubsequent deposition of [TARGET] against the right arm.,False,
9daafbe5-67e5-44f7-89aa-d8399f2dbcf6,right,LOCATION,0,631,636,deposition of sediment against the [TARGET] arm.,False,
525506a3-cdf5-4aeb-a1fe-6b5c8407e842,soil,MATERIAL,0,30,34,a thick layer of dark [TARGET] which sits on top of,False,
525506a3-cdf5-4aeb-a1fe-6b5c8407e842,sterile soil,MATERIAL,0,68,80,on top of the natural [TARGET] at the site. This layre,False,
525506a3-cdf5-4aeb-a1fe-6b5c8407e842,site,LOCATION,0,88,92,natural sterile soil at the [TARGET] . This layre covers large,False,
525506a3-cdf5-4aeb-a1fe-6b5c8407e842,layre,MATERIAL,0,99,104,soil at the site. This [TARGET] covers large parts of the,False,
525506a3-cdf5-4aeb-a1fe-6b5c8407e842,trench,CONTEXT,0,131,137,covers large parts of the [TARGET] and is found below clay,False,
525506a3-cdf5-4aeb-a1fe-6b5c8407e842,clay floors,CONTEXT,0,157,168,trench and is found below [TARGET] (such as 1037) as well,True,
525506a3-cdf5-4aeb-a1fe-6b5c8407e842,clay,MATERIAL,0,157,161,trench and is found below [TARGET] floors (such as 1037) as,True,
525506a3-cdf5-4aeb-a1fe-6b5c8407e842,1037,CONTEXT_ID,0,178,182,below clay floors (such as [TARGET] ) as well as lower,False,
525506a3-cdf5-4aeb-a1fe-6b5c8407e842,silt surfaces,CONTEXT,0,201,214,1037) as well as lower [TARGET] (such as 1025). 1039 transitions,True,
525506a3-cdf5-4aeb-a1fe-6b5c8407e842,silt,MATERIAL,0,201,205,1037) as well as lower [TARGET] surfaces (such as 1025). 1039,True,
525506a3-cdf5-4aeb-a1fe-6b5c8407e842,1025,CONTEXT_ID,0,224,228,lower silt surfaces (such as [TARGET] ). 1039 transitions graduly into,False,
525506a3-cdf5-4aeb-a1fe-6b5c8407e842,1039,CONTEXT_ID,0,231,235,silt surfaces (such as 1025). [TARGET] transitions graduly into sterile soil,False,
525506a3-cdf5-4aeb-a1fe-6b5c8407e842,sterile soil,MATERIAL,0,261,273,1025). 1039 transitions graduly into [TARGET] - This suggests that it,False,
525506a3-cdf5-4aeb-a1fe-6b5c8407e842,site,LOCATION,0,310,314,that it was not depo [TARGET] d as a single event,False,
525506a3-cdf5-4aeb-a1fe-6b5c8407e842,"black, organic, soils",MATERIAL,0,384,405,a long term accumulation of [TARGET] .,False,
f3cda3f1-d318-46d0-95f3-e7070e46ab85,Toumba hill,LOCATION,0,81,92,"the surveys conducted on the [TARGET] , this wall may constitute",False,
f3cda3f1-d318-46d0-95f3-e7070e46ab85,wall,CONTEXT,0,99,103,"on the Toumba hill, this [TARGET] may constitute the northern limit",False,
f3cda3f1-d318-46d0-95f3-e7070e46ab85,north,LOCATION,0,123,128,this wall may constitute the [TARGET] ern limit of the core,False,
f3cda3f1-d318-46d0-95f3-e7070e46ab85,burials,CONTEXT,0,335,342,by the presence of two [TARGET] found further in the north.,False,
f3cda3f1-d318-46d0-95f3-e7070e46ab85,north,LOCATION,0,364,369,burials found further in the [TARGET] . | [Original note taken,False,
f3cda3f1-d318-46d0-95f3-e7070e46ab85,wall,CONTEXT,0,429,433,: It seems like a [TARGET] made by burned clay and,False,
f3cda3f1-d318-46d0-95f3-e7070e46ab85,clay,MATERIAL,0,449,453,"a wall made by burned [TARGET] and mud, which may be",False,
f3cda3f1-d318-46d0-95f3-e7070e46ab85,mud,MATERIAL,0,458,461,"made by burned clay and [TARGET] , which may be the",False,
f3cda3f1-d318-46d0-95f3-e7070e46ab85,village,LOCATION,0,496,503,"be the boundary of the [TARGET] , separate the cillage to",False,
f3cda3f1-d318-46d0-95f3-e7070e46ab85,cillage,ARTEFACT,0,518,525,"of the village, separate the [TARGET] to two different area (inside",True,
f3cda3f1-d318-46d0-95f3-e7070e46ab85,cillage,CONTEXT,0,518,525,"of the village, separate the [TARGET] to two different area (inside",True,
f3cda3f1-d318-46d0-95f3-e7070e46ab85,trench,CONTEXT,0,606,612,"direction is vertical to the [TARGET] , which means we can",False,
f3cda3f1-d318-46d0-95f3-e7070e46ab85,vetween,SPECIES,0,707,714,"understand what is the different [TARGET] . After excated inside area,",True,None
f3cda3f1-d318-46d0-95f3-e7070e46ab85,vetween,PERSON,0,707,714,"understand what is the different [TARGET] . After excated inside area,",True,None
f3cda3f1-d318-46d0-95f3-e7070e46ab85,south side,LOCATION,0,776,786,"section is quite vertical in [TARGET] .]""",False,
e10d9312-7694-4121-8c1b-dd98cd1247e5,Contexte 602,CONTEXT,0,0,12, [TARGET] corresponds to an artificial layer&mdash,a,CONTEXT_ID
e10d9312-7694-4121-8c1b-dd98cd1247e5,602,CONTEXT_ID,0,9,12,Contexte [TARGET] corresponds to an artificial layer&mdash,a,None
e10d9312-7694-4121-8c1b-dd98cd1247e5,c600,CONTEXT_ID,0,117,121,"surface&mdash;situated between the topsoil/subsoil ( [TARGET] ), which was removed by",False,
e10d9312-7694-4121-8c1b-dd98cd1247e5,burial,CONTEXT,0,196,202,"last preserved layer of the [TARGET] (c609). This layer, composed of",False,
e10d9312-7694-4121-8c1b-dd98cd1247e5,c609,CONTEXT_ID,0,204,208,"layer of the burial ( [TARGET] ). This layer, composed of",False,
e10d9312-7694-4121-8c1b-dd98cd1247e5,clayey silt,MATERIAL,0,235,246,"(c609). This layer, composed of [TARGET] with fine gravel of whitish",False,
e10d9312-7694-4121-8c1b-dd98cd1247e5,whitish limestones,MATERIAL,0,267,285,"silt with fine gravel of [TARGET] , has yielded a few",False,
e10d9312-7694-4121-8c1b-dd98cd1247e5,bone,ARTEFACT,0,322,326,"yielded a few finds, including [TARGET] , pottery, clay building material",False,SPECIES
e10d9312-7694-4121-8c1b-dd98cd1247e5,pottery,ARTEFACT,0,328,335,"a few finds, including bone, [TARGET] , clay building material (CBM),",False,
e10d9312-7694-4121-8c1b-dd98cd1247e5,clay building material,ARTEFACT,0,337,359,"few finds, including bone, pottery, [TARGET] (CBM), shells, and chipped stones.",True,
e10d9312-7694-4121-8c1b-dd98cd1247e5,clay,MATERIAL,0,337,341,"few finds, including bone, pottery, [TARGET] building material (CBM), shells, and",True,
e10d9312-7694-4121-8c1b-dd98cd1247e5,CBM,ARTEFACT,0,361,364,"pottery, clay building material ( [TARGET] ), shells, and chipped stones.",False,
e10d9312-7694-4121-8c1b-dd98cd1247e5,shells,ARTEFACT,0,367,373,"pottery, clay building material (CBM), [TARGET] , and chipped stones. However,",False,
e10d9312-7694-4121-8c1b-dd98cd1247e5,chipped stones,ARTEFACT,0,379,393,"building material (CBM), shells, and [TARGET] . However, as this area",False,
e10d9312-7694-4121-8c1b-dd98cd1247e5,modern,PERIOD,0,465,471,"disturbed by mechanical excavation and [TARGET] ploughing, the finds may have",False,
e21feddd-6f4b-4fd1-82fd-48026111d21b,burial F1,LOCATION,0,47,56,"m) of the fill of [TARGET] were observed, as the bones",False,CONTEXT_ID
e21feddd-6f4b-4fd1-82fd-48026111d21b,bones,ARTEFACT,0,79,84,"F1 were observed, as the [TARGET] were uncovered during the mechanical",False,SPECIES
e21feddd-6f4b-4fd1-82fd-48026111d21b,C600,CONTEXT_ID,0,160,164,of the topsoil/subsoil layer ( [TARGET] ). The upper boundary of,False,
e21feddd-6f4b-4fd1-82fd-48026111d21b,grave pit,CONTEXT,0,335,344,surrounding context into which the [TARGET] was cut (C605). The fill,False,
e21feddd-6f4b-4fd1-82fd-48026111d21b,C605,CONTEXT_ID,0,354,358,grave pit was cut ( [TARGET] ). The fill consists of,False,
e21feddd-6f4b-4fd1-82fd-48026111d21b,clayey silt,MATERIAL,0,398,409,"fill consists of a greyish-brown [TARGET] , relatively coarse in texture,",False,
e21feddd-6f4b-4fd1-82fd-48026111d21b,limestone gravels,MATERIAL,0,478,495,with frequent inclusions of unsorted [TARGET] (less than 5 cm in,True,
e21feddd-6f4b-4fd1-82fd-48026111d21b,grave,CONTEXT,0,488,493,frequent inclusions of unsorted limestone [TARGET] ls (less than 5 cm,True,
e21feddd-6f4b-4fd1-82fd-48026111d21b,snail,SPECIES,0,543,548,"in size). Occasional roots and [TARGET] shells indicate bioturbation, which, along",False,
e21feddd-6f4b-4fd1-82fd-48026111d21b,shells,ARTEFACT,0,549,555,"size). Occasional roots and snail [TARGET] indicate bioturbation, which, along with",False,
e21feddd-6f4b-4fd1-82fd-48026111d21b,modern,PERIOD,0,597,603,"indicate bioturbation, which, along with [TARGET] ploughing, has affected the preservation",False,
e21feddd-6f4b-4fd1-82fd-48026111d21b,human,SPECIES,0,652,657,affected the preservation of the [TARGET] remains. A small number of,False,
e21feddd-6f4b-4fd1-82fd-48026111d21b,bone fragments,ARTEFACT,0,685,699,remains. A small number of [TARGET] in secondary position were recovered,False,SPECIES
e21feddd-6f4b-4fd1-82fd-48026111d21b,Pottery,ARTEFACT,0,753,760,were recovered from the layer. [TARGET] and clay building material (CBM),False,
e21feddd-6f4b-4fd1-82fd-48026111d21b,clay,MATERIAL,0,765,769,from the layer. Pottery and [TARGET] building material (CBM) were also,False,
e21feddd-6f4b-4fd1-82fd-48026111d21b,CBM,ARTEFACT,0,789,792,"and clay building material ( [TARGET] ) were also found, although",False,
e21feddd-6f4b-4fd1-82fd-48026111d21b,shells,ARTEFACT,0,889,895,"with the burial. However, three [TARGET] (606, #10, #15, and #18)",False,
e21feddd-6f4b-4fd1-82fd-48026111d21b,chipped stone artefact,ARTEFACT,0,927,949,"#15, and #18) and a [TARGET] (606, #11) were recorded separately.",True,
e21feddd-6f4b-4fd1-82fd-48026111d21b,stone,MATERIAL,0,935,940,"and #18) and a chipped [TARGET] artefact (606, #11) were recorded",True,
e21feddd-6f4b-4fd1-82fd-48026111d21b,grave,CONTEXT,0,1036,1041,"originally been part of the [TARGET] goods, the disturbed state of",False,
060eb198-5878-4f11-a943-2b633da48857,C905,LOCATION,0,0,4, [TARGET] was defined as an area,True,CONTEXT_ID
060eb198-5878-4f11-a943-2b633da48857,905,CONTEXT_ID,0,1,4,C [TARGET] was defined as an area,True,
060eb198-5878-4f11-a943-2b633da48857,pit,CONTEXT,0,71,74,"high material concentration, possibly a [TARGET] or dumb pit with stones,",False,
060eb198-5878-4f11-a943-2b633da48857,dumb pit,CONTEXT,0,78,86,"concentration, possibly a pit or [TARGET] with stones, pottery, shells and",False,
060eb198-5878-4f11-a943-2b633da48857,stones,MATERIAL,0,92,98,"pit or dumb pit with [TARGET] , pottery, shells and animal",False,
060eb198-5878-4f11-a943-2b633da48857,pottery,ARTEFACT,0,100,107,"or dumb pit with stones, [TARGET] , shells and animal bones",False,
060eb198-5878-4f11-a943-2b633da48857,shells,ARTEFACT,0,109,115,"dumb pit with stones, pottery, [TARGET] and animal bones covered with",True,
060eb198-5878-4f11-a943-2b633da48857,shells,MATERIAL,0,109,115,"dumb pit with stones, pottery, [TARGET] and animal bones covered with",True,
060eb198-5878-4f11-a943-2b633da48857,animal,SPECIES,0,120,126,"with stones, pottery, shells and [TARGET] bones covered with lots of",False,
060eb198-5878-4f11-a943-2b633da48857,bones,ARTEFACT,0,127,132,"stones, pottery, shells and animal [TARGET] covered with lots of sediment.",False,SPECIES
060eb198-5878-4f11-a943-2b633da48857,red,MATERIAL,0,137,140,shells and animal bones cove [TARGET] with lots of sediment. On,False,
060eb198-5878-4f11-a943-2b633da48857,sediment,MATERIAL,0,154,162,bones covered with lots of [TARGET] . On 15/07/24 we tried,False,
060eb198-5878-4f11-a943-2b633da48857,C905,LOCATION,0,196,200,15/07/24 we tried to explore [TARGET] s limits to see if,True,CONTEXT_ID
060eb198-5878-4f11-a943-2b633da48857,905,CONTEXT_ID,0,197,200,we tried to explore C [TARGET] s limits to see if,True,
060eb198-5878-4f11-a943-2b633da48857,wall,CONTEXT,0,386,390,be an extention to the [TARGET] c907 because some holes (if,False,
060eb198-5878-4f11-a943-2b633da48857,c907,LOCATION,0,391,395,an extention to the wall [TARGET] because some holes (if not,False,CONTEXT_ID
060eb198-5878-4f11-a943-2b633da48857,holes,CONTEXT,0,409,414,the wall c907 because some [TARGET] (if not animal) align but,False,
060eb198-5878-4f11-a943-2b633da48857,animal,SPECIES,0,423,429,because some holes (if not [TARGET] ) align but this needs,False,
060eb198-5878-4f11-a943-2b633da48857,pottery,ARTEFACT,0,505,512,"removed the material. Lots of [TARGET] , mostly late neolithic II.",False,
060eb198-5878-4f11-a943-2b633da48857,late neolithic II,PERIOD,0,521,538,"material. Lots of pottery, mostly [TARGET] . We also found an",False,
060eb198-5878-4f11-a943-2b633da48857,pot,ARTEFACT,0,570,573,"also found an almost whole [TARGET] (jug: 7.5cm height, 3cm width)",False,
060eb198-5878-4f11-a943-2b633da48857,jug,ARTEFACT,0,575,578,"an almost whole pot ( [TARGET] : 7.5cm height, 3cm width)",False,
060eb198-5878-4f11-a943-2b633da48857,late neolithic II,PERIOD,0,614,631,"3cm width) from th e [TARGET] , black on red. Lots",False,
060eb198-5878-4f11-a943-2b633da48857,black,MATERIAL,0,633,638,"from th elate neolithic II, [TARGET] on red. Lots of sediment.",False,
060eb198-5878-4f11-a943-2b633da48857,red,MATERIAL,0,642,645,"elate neolithic II, black on [TARGET] . Lots of sediment. A",False,
060eb198-5878-4f11-a943-2b633da48857,sediment,MATERIAL,0,655,663,black on red. Lots of [TARGET] . A soil sample was,False,
060eb198-5878-4f11-a943-2b633da48857,soil,MATERIAL,0,667,671,red. Lots of sediment. A [TARGET] sample was collected. 16/07/2024: 905,False,
060eb198-5878-4f11-a943-2b633da48857,905,CONTEXT_ID,0,706,709,soil sample was collected. 16/07/2024: [TARGET] was removed and 903 was,False,
060eb198-5878-4f11-a943-2b633da48857,903,CONTEXT_ID,0,726,729,16/07/2024: 905 was removed and [TARGET] was expanded.,False,
c10514f0-6574-4dbf-8f8a-b48ba8686a1f,colluvium,MATERIAL,0,16,25,"""Removal of the [TARGET] above the natural soil, extending",False,
c10514f0-6574-4dbf-8f8a-b48ba8686a1f,soil,MATERIAL,0,44,48,"the colluvium above the natural [TARGET] , extending to the concentration",False,
c10514f0-6574-4dbf-8f8a-b48ba8686a1f,stones,MATERIAL,0,84,90,extending to the concentration of [TARGET] (c804) to the western side.,False,
c10514f0-6574-4dbf-8f8a-b48ba8686a1f,c804,CONTEXT_ID,0,92,96,the concentration of stones ( [TARGET] ) to the western side.,False,
c10514f0-6574-4dbf-8f8a-b48ba8686a1f,western side,LOCATION,0,105,117,of stones (c804) to the [TARGET] . After removing a thin,False,
c10514f0-6574-4dbf-8f8a-b48ba8686a1f,soil,MATERIAL,0,150,154,removing a thin layer of [TARGET] (c805) while moving on to,False,
c10514f0-6574-4dbf-8f8a-b48ba8686a1f,c805,CONTEXT_ID,0,156,160,thin layer of soil ( [TARGET] ) while moving on to,False,
c10514f0-6574-4dbf-8f8a-b48ba8686a1f,west,LOCATION,0,185,189,"while moving on to the [TARGET] , a base of a",False,
c10514f0-6574-4dbf-8f8a-b48ba8686a1f,clay,MATERIAL,0,211,215,a base of a reddish [TARGET] wall-like construction was revealed (0.40m,False,
c10514f0-6574-4dbf-8f8a-b48ba8686a1f,wall-like construction,CONTEXT,0,216,238,"base of a reddish clay [TARGET] was revealed (0.40m depth), with",False,
c10514f0-6574-4dbf-8f8a-b48ba8686a1f,E-W,LOCATION,0,290,293,"with width about 2.5m ( [TARGET] ), that fades into the",False,
c10514f0-6574-4dbf-8f8a-b48ba8686a1f,soil,MATERIAL,0,330,334,fades into the greyish brown [TARGET] of c805. White limestone inclusions,False,
c10514f0-6574-4dbf-8f8a-b48ba8686a1f,c805,CONTEXT_ID,0,338,342,the greyish brown soil of [TARGET] . White limestone inclusions were,False,
c10514f0-6574-4dbf-8f8a-b48ba8686a1f,limestone,MATERIAL,0,350,359,brown soil of c805. White [TARGET] inclusions were present. After removing,False,
c10514f0-6574-4dbf-8f8a-b48ba8686a1f,soil,MATERIAL,0,434,438,"layer of the greyish brown [TARGET] , natural soil was revealed",False,
c10514f0-6574-4dbf-8f8a-b48ba8686a1f,soil,MATERIAL,0,448,452,"the greyish brown soil, natural [TARGET] was revealed (0.57m depth) and",False,
c08749da-77c6-4e81-b6c8-e17875f3698e,pit,CONTEXT,0,17,20,The context is a [TARGET] that contains lots of animal,False,
c08749da-77c6-4e81-b6c8-e17875f3698e,animal,SPECIES,0,43,49,"pit that contains lots of [TARGET] bones, specifically lower back limbs.",False,
c08749da-77c6-4e81-b6c8-e17875f3698e,bones,ARTEFACT,0,50,55,"that contains lots of animal [TARGET] , specifically lower back limbs.",False,SPECIES
c08749da-77c6-4e81-b6c8-e17875f3698e,231,CONTEXT_ID,0,159,162,not noticing it when excavating [TARGET] . (The animal bone specialist,False,
c08749da-77c6-4e81-b6c8-e17875f3698e,animal bone specialist,PERSON,0,169,191,it when excavating 231. (The [TARGET] noticed a pattern at lab,True,None
c08749da-77c6-4e81-b6c8-e17875f3698e,animal,SPECIES,0,169,175,it when excavating 231. (The [TARGET] bone specialist noticed a pattern,True,
c08749da-77c6-4e81-b6c8-e17875f3698e,C243,CONTEXT_ID,0,224,228,a pattern at lab work). [TARGET] contains 2 different layers of,False,
c08749da-77c6-4e81-b6c8-e17875f3698e,soil,MATERIAL,0,260,264,"contains 2 different layers of [TARGET] : 1st layer is loose,",False,
c08749da-77c6-4e81-b6c8-e17875f3698e,soil,MATERIAL,0,377,381,is some chunk of solid [TARGET] arranged in a north-south direction,False,
c08749da-77c6-4e81-b6c8-e17875f3698e,north-south direction,LOCATION,0,396,417,solid soil arranged in a [TARGET] on the eastern part of,False,
c08749da-77c6-4e81-b6c8-e17875f3698e,eastern part,LOCATION,0,425,437,a north-south direction on the [TARGET] of the first 20cm. It,False,
c08749da-77c6-4e81-b6c8-e17875f3698e,soil,MATERIAL,0,568,572,color is dark brown. The [TARGET] contains more charcoal and the,False,
c08749da-77c6-4e81-b6c8-e17875f3698e,charcoal,ARTEFACT,0,587,595,brown. The soil contains more [TARGET] and the finds become less.,True,MATERIAL
c08749da-77c6-4e81-b6c8-e17875f3698e,charcoal,MATERIAL,0,587,595,brown. The soil contains more [TARGET] and the finds become less.,True,
c08749da-77c6-4e81-b6c8-e17875f3698e,bones,ARTEFACT,0,641,646,less. There are 2 burnt [TARGET] in this layer. Only the,False,SPECIES
c08749da-77c6-4e81-b6c8-e17875f3698e,northern part,LOCATION,0,676,689,this layer. Only the half [TARGET] of the pit is excavated.,False,
c08749da-77c6-4e81-b6c8-e17875f3698e,pit,CONTEXT,0,697,700,half northern part of the [TARGET] is excavated. We dig 20cm,False,
c08749da-77c6-4e81-b6c8-e17875f3698e,pit,CONTEXT,0,759,762,reach the bottom of the [TARGET] . The soil is sandy,False,
c08749da-77c6-4e81-b6c8-e17875f3698e,soil,MATERIAL,0,768,772,"bottom of the pit. The [TARGET] is sandy clay, very soft",False,
c08749da-77c6-4e81-b6c8-e17875f3698e,clay,MATERIAL,0,782,786,"pit. The soil is sandy [TARGET] , very soft , dark",False,
c08749da-77c6-4e81-b6c8-e17875f3698e,charcoal,ARTEFACT,0,821,829,", dark brow, with some [TARGET] . Some bones and grey",True,MATERIAL
c08749da-77c6-4e81-b6c8-e17875f3698e,charcoal,MATERIAL,0,821,829,", dark brow, with some [TARGET] . Some bones and grey",True,
c08749da-77c6-4e81-b6c8-e17875f3698e,bones,ARTEFACT,0,836,841,"brow, with some charcoal. Some [TARGET] and grey ashy pottery fragments",False,SPECIES
c08749da-77c6-4e81-b6c8-e17875f3698e,pottery,ARTEFACT,0,856,863,Some bones and grey ashy [TARGET] fragments from late neolithic I,False,
c08749da-77c6-4e81-b6c8-e17875f3698e,late neolithic,PERIOD,0,879,893,grey ashy pottery fragments from [TARGET] I II. The limit of,False,
c08749da-77c6-4e81-b6c8-e17875f3698e,soil,MATERIAL,0,932,936,of the bottom is hard [TARGET] (natural soil).,False,
c08749da-77c6-4e81-b6c8-e17875f3698e,soil,MATERIAL,0,946,950,bottom is hard soil (natural [TARGET] ).,False,
2c4512b0-f909-4c02-8051-7ece35ed8e14,pit,CONTEXT,0,58,61,"of the existance of a [TARGET] , we expanded the trench",False,
2c4512b0-f909-4c02-8051-7ece35ed8e14,trench,CONTEXT,0,79,85,"a pit, we expanded the [TARGET] on the south wall on",False,
2c4512b0-f909-4c02-8051-7ece35ed8e14,south,LOCATION,0,93,98,expanded the trench on the [TARGET] wall on the eastern side.,False,
2c4512b0-f909-4c02-8051-7ece35ed8e14,wall,CONTEXT,0,99,103,the trench on the south [TARGET] on the eastern side. Top,False,
2c4512b0-f909-4c02-8051-7ece35ed8e14,eastern side,LOCATION,0,111,123,the south wall on the [TARGET] . Top soil extended 34cm,False,
2c4512b0-f909-4c02-8051-7ece35ed8e14,soil,MATERIAL,0,129,133,on the eastern side. Top [TARGET] extended 34cm deep and contained,False,
2c4512b0-f909-4c02-8051-7ece35ed8e14,CBM,ARTEFACT,0,173,176,34cm deep and contained large [TARGET] with imprints. When top soil,True,
2c4512b0-f909-4c02-8051-7ece35ed8e14,CBM,MATERIAL,0,173,176,34cm deep and contained large [TARGET] with imprints. When top soil,True,
2c4512b0-f909-4c02-8051-7ece35ed8e14,soil,MATERIAL,0,201,205,CBM with imprints. When top [TARGET] was removed from the extension,False,
2c4512b0-f909-4c02-8051-7ece35ed8e14,trench,CONTEXT,0,254,260,"the extension and the original [TARGET] , a white layer of",False,
2c4512b0-f909-4c02-8051-7ece35ed8e14,natural soil,MATERIAL,0,279,291,"trench, a white layer of [TARGET] with holes that formed a",False,
2c4512b0-f909-4c02-8051-7ece35ed8e14,holes,CONTEXT,0,297,302,layer of natural soil with [TARGET] that formed a circular shape,False,
9837f792-2c54-49f7-ada8-a89910a27955,c616,CONTEXT_ID,0,29,33,"Based on these observations, [TARGET] could correspond to an occupation",False,
9837f792-2c54-49f7-ada8-a89910a27955,wall,CONTEXT,0,89,93,"occupation layer related to the [TARGET] c601. However, extending the excavation",False,
9837f792-2c54-49f7-ada8-a89910a27955,c601,CONTEXT_ID,0,94,98,"layer related to the wall [TARGET] . However, extending the excavation",False,
9837f792-2c54-49f7-ada8-a89910a27955,sondage,PERIOD,0,145,152,extending the excavation beyond the [TARGET] could help refine this interpretation.,True,None
9837f792-2c54-49f7-ada8-a89910a27955,sondage,CONTEXT,0,145,152,extending the excavation beyond the [TARGET] could help refine this interpretation.,True,
9837f792-2c54-49f7-ada8-a89910a27955,c616,CONTEXT_ID,0,230,234,note from context sheet : [TARGET] is under c604 and disturbed,False,
9837f792-2c54-49f7-ada8-a89910a27955,c604,CONTEXT_ID,0,244,248,sheet : c616 is under [TARGET] and disturbed by animal. At,False,
9837f792-2c54-49f7-ada8-a89910a27955,animal,SPECIES,0,266,272,under c604 and disturbed by [TARGET] . At the top of,False,
9837f792-2c54-49f7-ada8-a89910a27955,pottery,ARTEFACT,0,318,325,"this deposit, there were some [TARGET] and small find, and it",False,
9837f792-2c54-49f7-ada8-a89910a27955,post-hole,CONTEXT,0,458,467,the deposit. There was a [TARGET] (c625) at the north limit,False,
9837f792-2c54-49f7-ada8-a89910a27955,c625,CONTEXT_ID,0,469,473,There was a post-hole ( [TARGET] ) at the north limit,False,
9837f792-2c54-49f7-ada8-a89910a27955,north,LOCATION,0,482,487,a post-hole (c625) at the [TARGET] limit next to the wall,False,
9837f792-2c54-49f7-ada8-a89910a27955,wall,CONTEXT,0,506,510,"north limit next to the [TARGET] (c601), which suppose to be",False,
9837f792-2c54-49f7-ada8-a89910a27955,c601,CONTEXT_ID,0,512,516,"next to the wall ( [TARGET] ), which suppose to be",False,
9837f792-2c54-49f7-ada8-a89910a27955,wood,MATERIAL,0,553,557,"suppose to be a cylindrical [TARGET] to strengthen the wall, an",False,
9837f792-2c54-49f7-ada8-a89910a27955,wall,CONTEXT,0,576,580,"cylindrical wood to strengthen the [TARGET] , an the deposit seems",False,
9837f792-2c54-49f7-ada8-a89910a27955,south,LOCATION,0,638,643,gentle slope from North to [TARGET] . And there is a,False,
9837f792-2c54-49f7-ada8-a89910a27955,north,LOCATION,0,678,683,a small area at the [TARGET] east side of sondage -,False,
9837f792-2c54-49f7-ada8-a89910a27955,sondage,PERIOD,0,697,704,the north east side of [TARGET] - c612. The c612 is,True,None
9837f792-2c54-49f7-ada8-a89910a27955,sondage,CONTEXT,0,697,704,the north east side of [TARGET] - c612. The c612 is,True,
9837f792-2c54-49f7-ada8-a89910a27955,c612,CONTEXT_ID,0,707,711,east side of sondage - [TARGET] . The c612 is small,False,
9837f792-2c54-49f7-ada8-a89910a27955,c612,CONTEXT_ID,0,717,721,of sondage - c612. The [TARGET] is small layer with gray,False,
9837f792-2c54-49f7-ada8-a89910a27955,ash,MATERIAL,0,747,750,is small layer with gray [TARGET] and didn t extend and,False,
9837f792-2c54-49f7-ada8-a89910a27955,c616,CONTEXT_ID,0,798,802,"and ver thin. After excavate [TARGET] , the soil become loose",False,
9837f792-2c54-49f7-ada8-a89910a27955,soil,MATERIAL,0,808,812,"thin. After excavate c616, the [TARGET] become loose and greyish, change",False,
9837f792-2c54-49f7-ada8-a89910a27955,c630,CONTEXT_ID,0,861,865,"greyish, change the context to [TARGET] . And there is also",False,
9837f792-2c54-49f7-ada8-a89910a27955,soil,MATERIAL,0,929,933,"up with friable and light [TARGET] , seems like a cut",False,
9837f792-2c54-49f7-ada8-a89910a27955,cut,CONTEXT,0,948,951,"light soil, seems like a [TARGET] - c631.]""",False,
9837f792-2c54-49f7-ada8-a89910a27955,c631,CONTEXT_ID,0,954,958,"seems like a cut - [TARGET] .]""",False,
431f7ba6-0611-4799-bdd5-a58cb4592128,burial,CONTEXT,0,69,75,it is hypothesized that the [TARGET] was not immediately filled with,False,
431f7ba6-0611-4799-bdd5-a58cb4592128,soil,MATERIAL,0,108,112,"was not immediately filled with [TARGET] after the inhumation, but was",False,
431f7ba6-0611-4799-bdd5-a58cb4592128,organic material,MATERIAL,0,181,197,"with a light cover of [TARGET] (such as branches), over which",False,
431f7ba6-0611-4799-bdd5-a58cb4592128,branches,MATERIAL,0,207,215,"of organic material (such as [TARGET] ), over which the stone",False,
431f7ba6-0611-4799-bdd5-a58cb4592128,stone,MATERIAL,0,233,238,"as branches), over which the [TARGET] and soil cover (c614, c618,",False,
431f7ba6-0611-4799-bdd5-a58cb4592128,soil,MATERIAL,0,243,247,"over which the stone and [TARGET] cover (c614, c618, c626, c629)",False,
431f7ba6-0611-4799-bdd5-a58cb4592128,c614,PERIOD,0,255,259,"stone and soil cover ( [TARGET] , c618, c626, c629) was",True,CONTEXT_ID
431f7ba6-0611-4799-bdd5-a58cb4592128,c614,CONTEXT_ID,0,255,259,"stone and soil cover ( [TARGET] , c618, c626, c629) was",True,
431f7ba6-0611-4799-bdd5-a58cb4592128,c618,PERIOD,0,261,265,"stone and soil cover (c614, [TARGET] , c626, c629) was placed.",True,CONTEXT_ID
431f7ba6-0611-4799-bdd5-a58cb4592128,c618,CONTEXT_ID,0,261,265,"stone and soil cover (c614, [TARGET] , c626, c629) was placed.",True,
431f7ba6-0611-4799-bdd5-a58cb4592128,c626,CONTEXT_ID,0,267,271,"and soil cover (c614, c618, [TARGET] , c629) was placed. The",False,
431f7ba6-0611-4799-bdd5-a58cb4592128,c629,CONTEXT_ID,0,273,277,"soil cover (c614, c618, c626, [TARGET] ) was placed. The degradation",False,
431f7ba6-0611-4799-bdd5-a58cb4592128,organic material,MATERIAL,0,314,330,placed. The degradation of the [TARGET] likely caused the progressive infiltration,False,
431f7ba6-0611-4799-bdd5-a58cb4592128,soil,MATERIAL,0,377,381,caused the progressive infiltration of [TARGET] into the tomb.,False,
431f7ba6-0611-4799-bdd5-a58cb4592128,tomb,CONTEXT,0,391,395,infiltration of soil into the [TARGET] .,False,
1663c2ba-ed78-4d45-b661-6deee244dc79,Context,CONTEXT,0,1,8,""" [TARGET] 630 corresponds to a layer",False,None
1663c2ba-ed78-4d45-b661-6deee244dc79,630,CONTEXT_ID,0,9,12,"""Context [TARGET] corresponds to a layer found",False,
1663c2ba-ed78-4d45-b661-6deee244dc79,sondage,PERIOD,0,49,56,a layer found in the [TARGET] adjacent to the southern side,False,None
1663c2ba-ed78-4d45-b661-6deee244dc79,southern side,LOCATION,0,73,86,"the sondage adjacent to the [TARGET] of wall c601, directly beneath",False,
1663c2ba-ed78-4d45-b661-6deee244dc79,wall c601,CONTEXT,0,90,99,"to the southern side of [TARGET] , directly beneath the thin",True,
1663c2ba-ed78-4d45-b661-6deee244dc79,c601,CONTEXT_ID,0,95,99,"the southern side of wall [TARGET] , directly beneath the thin",True,
1663c2ba-ed78-4d45-b661-6deee244dc79,c625,CONTEXT_ID,0,133,137,directly beneath the thin layer [TARGET] . Like the upper context,False,
1663c2ba-ed78-4d45-b661-6deee244dc79,c625,CONTEXT_ID,0,162,166,"c625. Like the upper context [TARGET] , it is truncated by",False,
1663c2ba-ed78-4d45-b661-6deee244dc79,pit 631,CONTEXT,0,187,194,"c625, it is truncated by [TARGET] . Context 630 is a",True,
1663c2ba-ed78-4d45-b661-6deee244dc79,631,CONTEXT_ID,0,191,194,it is truncated by pit [TARGET] . Context 630 is a,True,
1663c2ba-ed78-4d45-b661-6deee244dc79,Context,CONTEXT,0,196,203,is truncated by pit 631. [TARGET] 630 is a stratified layer,False,None
1663c2ba-ed78-4d45-b661-6deee244dc79,630,CONTEXT_ID,0,204,207,truncated by pit 631. Context [TARGET] is a stratified layer of,False,
1663c2ba-ed78-4d45-b661-6deee244dc79,ash,MATERIAL,0,233,236,"is a stratified layer of [TARGET] , characterised by multiple closely",False,
1663c2ba-ed78-4d45-b661-6deee244dc79,ash,MATERIAL,0,289,292,"multiple closely packed layers of [TARGET] y material, with numerous charcoal",False,
1663c2ba-ed78-4d45-b661-6deee244dc79,charcoal,ARTEFACT,0,318,326,"of ashy material, with numerous [TARGET] inclusions, forming a flat layer",True,MATERIAL
1663c2ba-ed78-4d45-b661-6deee244dc79,charcoal,MATERIAL,0,318,326,"of ashy material, with numerous [TARGET] inclusions, forming a flat layer",True,
0d19224a-1d7e-4dc7-b45d-ace189fdfa24,topsoil,MATERIAL,0,0,7, [TARGET] ,False,
4b97b53c-1272-4413-bffd-ac3c06f4f860,c909,LOCATION,0,0,4, [TARGET] is the interior side of,False,CONTEXT_ID
4b97b53c-1272-4413-bffd-ac3c06f4f860,building,CONTEXT,0,33,41,the interior side of the [TARGET] - possible house. It contains,False,
4b97b53c-1272-4413-bffd-ac3c06f4f860,pottery,ARTEFACT,0,79,86,"house. It contains lots of [TARGET] and some bones, CBM and",False,
4b97b53c-1272-4413-bffd-ac3c06f4f860,bones,ARTEFACT,0,96,101,"lots of pottery and some [TARGET] , CBM and shells. Most",False,SPECIES
4b97b53c-1272-4413-bffd-ac3c06f4f860,CBM,ARTEFACT,0,103,106,"of pottery and some bones, [TARGET] and shells. Most of the",False,
4b97b53c-1272-4413-bffd-ac3c06f4f860,shells,ARTEFACT,0,111,117,"and some bones, CBM and [TARGET] . Most of the pottery",False,
4b97b53c-1272-4413-bffd-ac3c06f4f860,pottery,ARTEFACT,0,131,138,and shells. Most of the [TARGET] comes form the late neolithic,False,
4b97b53c-1272-4413-bffd-ac3c06f4f860,late neolithic II,PERIOD,0,154,171,the pottery comes form the [TARGET] with lots of black of,False,
4b97b53c-1272-4413-bffd-ac3c06f4f860,black,MATERIAL,0,185,190,neolithic II with lots of [TARGET] of red decoration. Soil was,False,
4b97b53c-1272-4413-bffd-ac3c06f4f860,red,MATERIAL,0,194,197,with lots of black of [TARGET] decoration. Soil was compact but,False,
4b97b53c-1272-4413-bffd-ac3c06f4f860,Soil,MATERIAL,0,210,214,of black of red decoration. [TARGET] was compact but relativly easy,False,
4b97b53c-1272-4413-bffd-ac3c06f4f860,SE side,LOCATION,0,289,296,out in lumps. On the [TARGET] there is a small circular,False,
4b97b53c-1272-4413-bffd-ac3c06f4f860,circular area,CONTEXT,0,314,327,side there is a small [TARGET] that contians high consentrations of,False,
4b97b53c-1272-4413-bffd-ac3c06f4f860,pottery,ARTEFACT,0,365,372,that contians high consentrations of [TARGET] laid flat that we suspect,False,
4b97b53c-1272-4413-bffd-ac3c06f4f860,building,CONTEXT,0,421,429,its the bottom of the [TARGET] .,False,
1da48009-7995-48df-bc64-d8203e3a5219,sandy silt layer,LOCATION,0,0,16, [TARGET] ,False,
2fa788b8-7b17-4078-81e2-38e28de56e68,C204,CONTEXT_ID,0,0,4, [TARGET] is a deposit surface under,False,
2fa788b8-7b17-4078-81e2-38e28de56e68,C203,CONTEXT_ID,0,32,36,is a deposit surface under [TARGET] at the south of the,False,
2fa788b8-7b17-4078-81e2-38e28de56e68,south,LOCATION,0,44,49,surface under C203 at the [TARGET] of the trench. The surface,False,
2fa788b8-7b17-4078-81e2-38e28de56e68,trench,CONTEXT,0,57,63,at the south of the [TARGET] . The surface was flat,False,
2fa788b8-7b17-4078-81e2-38e28de56e68,trench,CONTEXT,0,143,149,from the rest of the [TARGET] by a cut(C206) While the,False,
2fa788b8-7b17-4078-81e2-38e28de56e68,cut,CONTEXT,0,155,158,of the trench by a [TARGET] (C206) While the nature of,False,
2fa788b8-7b17-4078-81e2-38e28de56e68,C206,CONTEXT_ID,0,159,163,the trench by a cut( [TARGET] ) While the nature of,False,
2fa788b8-7b17-4078-81e2-38e28de56e68,cut,CONTEXT,0,274,277,"that the direction of the [TARGET] is E-W, which fits the",False,
2fa788b8-7b17-4078-81e2-38e28de56e68,E-W,LOCATION,0,281,284,"direction of the cut is [TARGET] , which fits the enclosure",False,
2fa788b8-7b17-4078-81e2-38e28de56e68,domestic area,CONTEXT,0,318,331,fits the enclosure of the [TARGET] showed by magnotometry this context,False,
2fa788b8-7b17-4078-81e2-38e28de56e68,C204,CONTEXT_ID,0,369,373,by magnotometry this context ( [TARGET] ) could be the deposit,False,
2fa788b8-7b17-4078-81e2-38e28de56e68,domestic area,CONTEXT,0,411,424,the deposit outside of the [TARGET] of the site.,False,
75e764ab-3074-492c-9e77-089260611488,C642,CONTEXT_ID,0,125,129,on the context sheet : [TARGET] is a layer below C636.,False,
75e764ab-3074-492c-9e77-089260611488,C636,CONTEXT_ID,0,147,151,C642 is a layer below [TARGET] . there isn t any,False,
75e764ab-3074-492c-9e77-089260611488,soil,MATERIAL,0,184,188,"t any finds, and the [TARGET] is compound.It could be the",False,
75e764ab-3074-492c-9e77-089260611488,C636,CONTEXT_ID,0,244,248,"the layer between archaeology ( [TARGET] ), and natural (C644), so",False,
75e764ab-3074-492c-9e77-089260611488,C644,CONTEXT_ID,0,264,268,"archaeology (C636), and natural ( [TARGET] ), so it s soil",False,
75e764ab-3074-492c-9e77-089260611488,soil,MATERIAL,0,279,283,"natural (C644), so it s [TARGET] mixed. And it was also",False,
75e764ab-3074-492c-9e77-089260611488,C639,CONTEXT_ID,0,333,337,truncated by cut which is [TARGET] (with cut 640) and C643(with,False,
75e764ab-3074-492c-9e77-089260611488,640,CONTEXT_ID,0,348,351,which is C639 (with cut [TARGET] ) and C643(with cut C645).,False,
75e764ab-3074-492c-9e77-089260611488,C643,CONTEXT_ID,0,357,361,C639 (with cut 640) and [TARGET] (with cut C645). Excavate about,False,
75e764ab-3074-492c-9e77-089260611488,C645,CONTEXT_ID,0,371,375,cut 640) and C643(with cut [TARGET] ). Excavate about 10cm then,False,
75e764ab-3074-492c-9e77-089260611488,soil,MATERIAL,0,407,411,Excavate about 10cm then the [TARGET] become pale and without any,False,
75e764ab-3074-492c-9e77-089260611488,soil,MATERIAL,0,474,478,"which may be the natural [TARGET] (C644)]""",False,
75e764ab-3074-492c-9e77-089260611488,C644,CONTEXT_ID,0,480,484,"be the natural soil ( [TARGET] )]""",False,
ca7dd31f-a832-4b1a-860d-42b90c98053e,right,LOCATION,0,69,74,"a semi-flexed posture, while the [TARGET] arm is bent in 90&deg;",False,
ca7dd31f-a832-4b1a-860d-42b90c98053e,right,LOCATION,0,152,157,legs are flexed and the [TARGET] foot remains in a natural,False,
ca7dd31f-a832-4b1a-860d-42b90c98053e,left side,LOCATION,0,287,296,"head is positioned on the [TARGET] , framed by two stones",False,
ca7dd31f-a832-4b1a-860d-42b90c98053e,c637,CONTEXT_ID,0,320,324,framed by two stones ( [TARGET] ). It is likely that,False,
ca7dd31f-a832-4b1a-860d-42b90c98053e,right,LOCATION,0,349,354,It is likely that the [TARGET] shoulder initially rested on the,False,
ca7dd31f-a832-4b1a-860d-42b90c98053e,right,LOCATION,0,411,416,"the southern stone, as the [TARGET] scapula was found diretly behind",False,
ca7dd31f-a832-4b1a-860d-42b90c98053e,scapula,ARTEFACT,0,417,424,"southern stone, as the right [TARGET] was found diretly behind it.",False,SPECIES
8e7ef532-8fd2-40a7-bdd9-950d4512ae00,614,CONTEXT_ID,0,13,16,"""The context [TARGET] corresponds to the central portion",False,
8e7ef532-8fd2-40a7-bdd9-950d4512ae00,burial,CONTEXT,0,59,65,"the central portion of the [TARGET] , composed primarily of stones",False,
8e7ef532-8fd2-40a7-bdd9-950d4512ae00,stones,MATERIAL,0,89,95,"the burial, composed primarily of [TARGET] and a few pieces of",False,
8e7ef532-8fd2-40a7-bdd9-950d4512ae00,clay,MATERIAL,0,116,120,and a few pieces of [TARGET] building material (CBM). It is,False,
8e7ef532-8fd2-40a7-bdd9-950d4512ae00,CBM,MATERIAL,0,140,143,of clay building material ( [TARGET] ). It is contemporaneous with,False,
8e7ef532-8fd2-40a7-bdd9-950d4512ae00,618,CONTEXT_ID,0,199,202,"with and equivalent to context [TARGET] , which initially represented the",False,
8e7ef532-8fd2-40a7-bdd9-950d4512ae00,cover,CONTEXT,0,253,258,"the outer row of the [TARGET] . For this reason, both",False,
8e7ef532-8fd2-40a7-bdd9-950d4512ae00,626,CONTEXT_ID,0,383,386,"with the central stone, context [TARGET] .",False,
462a6aa1-8a4f-40dd-b1e3-f7f47dfac83b,616,CONTEXT_ID,0,9,12,"""Context [TARGET] corresponds to a layer situated",False,
462a6aa1-8a4f-40dd-b1e3-f7f47dfac83b,context 604,CONTEXT,0,53,64,"to a layer situated beneath [TARGET] . Like the latter, it",True,CONTEXT_ID
462a6aa1-8a4f-40dd-b1e3-f7f47dfac83b,604,CONTEXT_ID,0,61,64,"a layer situated beneath context [TARGET] . Like the latter, it",True,
462a6aa1-8a4f-40dd-b1e3-f7f47dfac83b,structure c601,CONTEXT,0,108,122,"latter, it is positioned against [TARGET] . It also covers the",True,
462a6aa1-8a4f-40dd-b1e3-f7f47dfac83b,c601,CONTEXT_ID,0,118,122,it is positioned against structure [TARGET] . It also covers the,True,
462a6aa1-8a4f-40dd-b1e3-f7f47dfac83b,c625,CONTEXT_ID,0,155,159,"also covers the ashy layers [TARGET] , c630, possibly related to",False,
462a6aa1-8a4f-40dd-b1e3-f7f47dfac83b,c630,CONTEXT_ID,0,161,165,"covers the ashy layers c625, [TARGET] , possibly related to the",False,
462a6aa1-8a4f-40dd-b1e3-f7f47dfac83b,wall,CONTEXT,0,209,213,"to the foundation of the [TARGET] c601, as well as cut",False,
462a6aa1-8a4f-40dd-b1e3-f7f47dfac83b,c601,CONTEXT,0,214,218,"the foundation of the wall [TARGET] , as well as cut",True,
462a6aa1-8a4f-40dd-b1e3-f7f47dfac83b,c601,CONTEXT_ID,0,214,218,"the foundation of the wall [TARGET] , as well as cut",True,
462a6aa1-8a4f-40dd-b1e3-f7f47dfac83b,cut,CONTEXT,0,231,234,"wall c601, as well as [TARGET] c631. While agricultural activy did",False,
462a6aa1-8a4f-40dd-b1e3-f7f47dfac83b,c631,CONTEXT_ID,0,235,239,"c601, as well as cut [TARGET] . While agricultural activy did",False,
462a6aa1-8a4f-40dd-b1e3-f7f47dfac83b,animal,SPECIES,0,308,314,"not significantly impact this layer, [TARGET] burrowing caused some disturbance, particularly",False,
462a6aa1-8a4f-40dd-b1e3-f7f47dfac83b,c630,CONTEXT_ID,0,416,420,"junction with the underlying layer [TARGET] is diffuse, becoming progressively more",False,
5a9c811b-50b1-479b-856a-ce6f4ea9ef03,foundation,CONTEXT,0,9,19,"Deflated [TARGET] base of wall, made by",False,
5a9c811b-50b1-479b-856a-ce6f4ea9ef03,wall,CONTEXT,0,28,32,"Deflated foundation base of [TARGET] , made by a reddish",False,
5a9c811b-50b1-479b-856a-ce6f4ea9ef03,clay,MATERIAL,0,52,56,"wall, made by a reddish [TARGET] material. Only the foundation is",False,
5a9c811b-50b1-479b-856a-ce6f4ea9ef03,foundation,CONTEXT,0,76,86,reddish clay material. Only the [TARGET] is visible. The width is,False,
5a9c811b-50b1-479b-856a-ce6f4ea9ef03,southern,LOCATION,0,232,240,be extending more to the [TARGET] or the northern side of,False,
5a9c811b-50b1-479b-856a-ce6f4ea9ef03,northern side,LOCATION,0,248,261,to the southern or the [TARGET] of trench. The already visible,False,
5a9c811b-50b1-479b-856a-ce6f4ea9ef03,trench,CONTEXT,0,265,271,or the northern side of [TARGET] . The already visible part,False,
5a9c811b-50b1-479b-856a-ce6f4ea9ef03,north,LOCATION,0,338,343,possibility of expansion in the [TARGET] or south fit the magnetometry.,False,
5a9c811b-50b1-479b-856a-ce6f4ea9ef03,south,LOCATION,0,347,352,expansion in the north or [TARGET] fit the magnetometry.,False,
74869a70-9889-4d59-85cb-0e4c32b9256a,c616,CONTEXT_ID,0,50,54,"is not straightforward, but if [TARGET] corresponds to an occupation layer,",False,
74869a70-9889-4d59-85cb-0e4c32b9256a,hearth refuse,ARTEFACT,0,127,140,layer could be related to [TARGET] . | [original notes taken,False,
74869a70-9889-4d59-85cb-0e4c32b9256a,c616,CONTEXT_ID,0,279,283,"After cleaning it, it became [TARGET] again, and it can be",False,
74869a70-9889-4d59-85cb-0e4c32b9256a,east section,LOCATION,0,325,337,be seen clearly on the [TARGET] .The color is quite gray,False,
74869a70-9889-4d59-85cb-0e4c32b9256a,ash,MATERIAL,0,403,406,"powdery, supposed to be burned [TARGET] .]""",False,
d6ce8927-c9bb-47c8-9d5e-a6edc4ba03a6,1037,PERIOD,0,52,56,that seems to be below [TARGET] and above 1045. Stratigraphically it,False,CONTEXT_ID
d6ce8927-c9bb-47c8-9d5e-a6edc4ba03a6,1045,PERIOD,0,67,71,be below 1037 and above [TARGET] . Stratigraphically it is found,False,CONTEXT_ID
d6ce8927-c9bb-47c8-9d5e-a6edc4ba03a6,1039,PERIOD,0,125,129,"at a similar depth to [TARGET] , but we would need",False,CONTEXT_ID
d6ce8927-c9bb-47c8-9d5e-a6edc4ba03a6,1041,PERIOD,0,161,165,we would need to excavate [TARGET] in order to fully understand,False,CONTEXT_ID
d6ce8927-c9bb-47c8-9d5e-a6edc4ba03a6,1039,PERIOD,0,227,231,the relationship between it and [TARGET] . It is possible that,False,CONTEXT_ID
d6ce8927-c9bb-47c8-9d5e-a6edc4ba03a6,1041,PERIOD,0,253,257,1039. It is possible that [TARGET] is above 1039 and below,False,CONTEXT_ID
d6ce8927-c9bb-47c8-9d5e-a6edc4ba03a6,1039,PERIOD,0,267,271,"possible that 1041 is above [TARGET] and below 1037, but additional",False,CONTEXT_ID
d6ce8927-c9bb-47c8-9d5e-a6edc4ba03a6,1037,PERIOD,0,282,286,"is above 1039 and below [TARGET] , but additional excavation will",False,CONTEXT_ID
1bb28069-503f-4798-bfff-dad6e13129c3,c620,CONTEXT_ID,0,62,66,the same as described for [TARGET] : it is likely a,False,
1bb28069-503f-4798-bfff-dad6e13129c3,period of occupation,PERIOD,0,133,153,by natural sedimentation during the [TARGET] at the site. | [Original,False,
1bb28069-503f-4798-bfff-dad6e13129c3,c601,CONTEXT_ID,0,231,235,"sheet : This layer covers [TARGET] . It is quite heterogeneous,",False,
1bb28069-503f-4798-bfff-dad6e13129c3,limeston,MATERIAL,0,311,319,more or less whitish small [TARGET] inclusions (compound layer). After cleanin,False,
1bb28069-503f-4798-bfff-dad6e13129c3,northeast area,LOCATION,0,380,394,"cleanin 40 cm depth, the [TARGET] came up with brown powdery",False,
1bb28069-503f-4798-bfff-dad6e13129c3,soil,MATERIAL,0,422,426,"came up with brown powdery [TARGET] , set c612, the limestone",False,
1bb28069-503f-4798-bfff-dad6e13129c3,c612,CONTEXT_ID,0,432,436,"with brown powdery soil, set [TARGET] , the limestone beame less,",False,
1bb28069-503f-4798-bfff-dad6e13129c3,limestone,MATERIAL,0,442,451,"powdery soil, set c612, the [TARGET] beame less, so change the",False,
1bb28069-503f-4798-bfff-dad6e13129c3,c616,CONTEXT_ID,0,489,493,"so change the context to [TARGET] .]""",False,
1bc41d83-1522-431d-b7f6-5a62b10310f1,c643,CONTEXT_ID,0,9,13,"""Context [TARGET] corresponds to the fill of",False,
1bc41d83-1522-431d-b7f6-5a62b10310f1,cut,CONTEXT,0,45,48,to the fill of the [TARGET] c643 identified on the northern,False,
1bc41d83-1522-431d-b7f6-5a62b10310f1,c643,CONTEXT_ID,0,49,53,the fill of the cut [TARGET] identified on the northern limit,False,
1bc41d83-1522-431d-b7f6-5a62b10310f1,northern limit,LOCATION,0,72,86,cut c643 identified on the [TARGET] of the sondage excavated on,False,
1bc41d83-1522-431d-b7f6-5a62b10310f1,sondage,PERIOD,0,94,101,the northern limit of the [TARGET] excavated on the northern side,False,None
1bc41d83-1522-431d-b7f6-5a62b10310f1,northern side,LOCATION,0,119,132,the sondage excavated on the [TARGET] of the wall c601. The,False,
1bc41d83-1522-431d-b7f6-5a62b10310f1,wall,CONTEXT,0,140,144,the northern side of the [TARGET] c601. The cleaning of the,False,
1bc41d83-1522-431d-b7f6-5a62b10310f1,c601,CONTEXT_ID,0,145,149,northern side of the wall [TARGET] . The cleaning of the,False,
1bc41d83-1522-431d-b7f6-5a62b10310f1,pottery sherds,ARTEFACT,0,198,212,surface have yielded a few [TARGET] . The structure was not,True,
1bc41d83-1522-431d-b7f6-5a62b10310f1,pottery,MATERIAL,0,198,205,surface have yielded a few [TARGET] sherds. The structure was not,True,
1bc41d83-1522-431d-b7f6-5a62b10310f1,2023,PERIOD,0,264,268,by the end of the [TARGET] excavation season. | [Original notes,False,None
1bc41d83-1522-431d-b7f6-5a62b10310f1,C645,CONTEXT_ID,0,350,354,It s a fill of [TARGET] which truncate C644 which is,False,
1bc41d83-1522-431d-b7f6-5a62b10310f1,C644,CONTEXT_ID,0,370,374,fill of C645 which truncate [TARGET] which is natural soil. It,False,
1bc41d83-1522-431d-b7f6-5a62b10310f1,natural soil,MATERIAL,0,384,396,which truncate C644 which is [TARGET] . It s west to,False,
1bc41d83-1522-431d-b7f6-5a62b10310f1,west,LOCATION,0,403,407,is natural soil. It s [TARGET] to east.,False,
1bc41d83-1522-431d-b7f6-5a62b10310f1,east,LOCATION,0,411,415,soil. It s west to [TARGET] .,False,
c78159fe-cece-466d-9882-b2f34cffb983,mandible,ARTEFACT,0,4,12,"The [TARGET] is closed, bloked by the",False,
c78159fe-cece-466d-9882-b2f34cffb983,right,LOCATION,0,95,100,"of the spine and the [TARGET] hand were disturbed, likely by",False,
c78159fe-cece-466d-9882-b2f34cffb983,animal burrows,CONTEXT,0,132,146,"hand were disturbed, likely by [TARGET] . Some ribs from the",True,
c78159fe-cece-466d-9882-b2f34cffb983,animal,SPECIES,0,132,138,"hand were disturbed, likely by [TARGET] burrows. Some ribs from the",True,
c78159fe-cece-466d-9882-b2f34cffb983,ribs,ARTEFACT,0,153,157,likely by animal burrows. Some [TARGET] from the right side are,False,SPECIES
c78159fe-cece-466d-9882-b2f34cffb983,right side,LOCATION,0,167,177,"burrows. Some ribs from the [TARGET] are missing ; however, the",False,
c78159fe-cece-466d-9882-b2f34cffb983,ribs,ARTEFACT,0,205,209,"are missing ; however, the [TARGET] found in the upper deposit",False,SPECIES
c78159fe-cece-466d-9882-b2f34cffb983,c621,CONTEXT_ID,0,238,242,in the upper deposit ( [TARGET] ) may belong to the,False,
c78159fe-cece-466d-9882-b2f34cffb983,animal,SPECIES,0,293,299,individual could have moved by [TARGET] as well (confirmation pending through,False,
c78159fe-cece-466d-9882-b2f34cffb983,left fingers,ARTEFACT,0,388,400,"deposit). The position of the [TARGET] remain unclear (was hand closed,",False,SPECIES
c78159fe-cece-466d-9882-b2f34cffb983,animal,SPECIES,0,457,463,or was it disturbed by [TARGET] s?).,False,
97a46f30-999a-4ce0-96de-66940afa0d4a,posthole,CONTEXT,0,54,62,the bottom of the possible [TARGET] ,False,
c86a3b6c-799d-4eb4-9749-610905b47a4b,c900,CONTEXT_ID,0,68,72,og thr top layer ( [TARGET] ). On the northern side,False,
c86a3b6c-799d-4eb4-9749-610905b47a4b,northern side,LOCATION,0,82,95,top layer (c900). On the [TARGET] there was a large quantity,False,
c86a3b6c-799d-4eb4-9749-610905b47a4b,CBM,MATERIAL,0,126,129,"was a large quantity of [TARGET] with impreints of organic material,",False,
c86a3b6c-799d-4eb4-9749-610905b47a4b,organic material,MATERIAL,0,148,164,"of CBM with impreints of [TARGET] , as a destruction layer.",False,
c86a3b6c-799d-4eb4-9749-610905b47a4b,southern side,LOCATION,0,197,210,a destruction layer. On the [TARGET] there was CBM mixed with,False,
c86a3b6c-799d-4eb4-9749-610905b47a4b,CBM,MATERIAL,0,221,224,the southern side there was [TARGET] mixed with dark brown sil.,False,
c86a3b6c-799d-4eb4-9749-610905b47a4b,sil,MATERIAL,0,247,250,CBM mixed with dark brown [TARGET] . There was a significant,False,
c86a3b6c-799d-4eb4-9749-610905b47a4b,pottery,ARTEFACT,0,286,293,"was a significant amount of [TARGET] , animal bones and shells",False,
c86a3b6c-799d-4eb4-9749-610905b47a4b,animal,SPECIES,0,295,301,"a significant amount of pottery, [TARGET] bones and shells as well",False,
c86a3b6c-799d-4eb4-9749-610905b47a4b,bones,ARTEFACT,0,302,307,"significant amount of pottery, animal [TARGET] and shells as well as",False,SPECIES
c86a3b6c-799d-4eb4-9749-610905b47a4b,shells,ARTEFACT,0,312,318,"of pottery, animal bones and [TARGET] as well as speical finds",False,
c86a3b6c-799d-4eb4-9749-610905b47a4b,spindles whirls,ARTEFACT,0,351,366,as speical finds like 2 [TARGET] (1 whole and 1 broken),False,
c86a3b6c-799d-4eb4-9749-610905b47a4b,chipped stone,ARTEFACT,0,390,403,(1 whole and 1 broken) [TARGET] and ground stone.,True,
c86a3b6c-799d-4eb4-9749-610905b47a4b,stone,MATERIAL,0,398,403,whole and 1 broken) chipped [TARGET] and ground stone.,True,
c86a3b6c-799d-4eb4-9749-610905b47a4b,ground stone,ARTEFACT,0,408,420,1 broken) chipped stone and [TARGET] .,True,
c86a3b6c-799d-4eb4-9749-610905b47a4b,stone,MATERIAL,0,415,420,broken) chipped stone and ground [TARGET] .,True,
0fc15cc0-d15c-4fc2-a27b-7a1a7a1be47f,soil,MATERIAL,0,54,58,"removed most of the top [TARGET] , we cleaned the loose",False,
0fc15cc0-d15c-4fc2-a27b-7a1a7a1be47f,soil,MATERIAL,0,81,85,"soil, we cleaned the loose [TARGET] of the surface. Areas of",False,
0fc15cc0-d15c-4fc2-a27b-7a1a7a1be47f,soil,MATERIAL,0,133,137,"Areas of pinkish white natural [TARGET] were revealed. Also, refusal pits",False,
0fc15cc0-d15c-4fc2-a27b-7a1a7a1be47f,refusal pits,CONTEXT,0,159,171,"natural soil were revealed. Also, [TARGET] with large pieces of pottery",False,
0fc15cc0-d15c-4fc2-a27b-7a1a7a1be47f,western side,LOCATION,0,287,299,of large stones on the [TARGET] . Pottery and bones were,False,
0fc15cc0-d15c-4fc2-a27b-7a1a7a1be47f,Pottery,ARTEFACT,0,301,308,"stones on the western side. [TARGET] and bones were collected, some",False,
0fc15cc0-d15c-4fc2-a27b-7a1a7a1be47f,bones,ARTEFACT,0,313,318,"the western side. Pottery and [TARGET] were collected, some possibly human.",False,SPECIES
0fc15cc0-d15c-4fc2-a27b-7a1a7a1be47f,human,SPECIES,0,349,354,"bones were collected, some possibly [TARGET] .",False,
94cf027c-67b9-4cb8-9f39-f94ac4174685,C214,CONTEXT_ID,0,59,63,after the complete excavation of [TARGET] . It has a very,False,
94cf027c-67b9-4cb8-9f39-f94ac4174685,C219,PERIOD,0,176,180,"that, if extended, aligns with [TARGET] (also a deposit of ashes).",False,CONTEXT_ID
94cf027c-67b9-4cb8-9f39-f94ac4174685,hearth,CONTEXT,0,254,260,"thought it could be a [TARGET] , but the very high",False,
94cf027c-67b9-4cb8-9f39-f94ac4174685,CBM,ARTEFACT,0,306,309,quantity of big chunks of [TARGET] from the context right above,True,
94cf027c-67b9-4cb8-9f39-f94ac4174685,CBM,MATERIAL,0,306,309,quantity of big chunks of [TARGET] from the context right above,True,
94cf027c-67b9-4cb8-9f39-f94ac4174685,C214,CONTEXT_ID,0,340,344,the context right above ( [TARGET] )led us to believe it's,False,
94cf027c-67b9-4cb8-9f39-f94ac4174685,wall,CONTEXT,0,391,395,"the remains of a burnt [TARGET] . In addition to that,",False,
94cf027c-67b9-4cb8-9f39-f94ac4174685,CBM,ARTEFACT,0,444,447,of the big chunks of [TARGET] from the C214 were also,True,
94cf027c-67b9-4cb8-9f39-f94ac4174685,CBM,MATERIAL,0,444,447,of the big chunks of [TARGET] from the C214 were also,True,
94cf027c-67b9-4cb8-9f39-f94ac4174685,C214,CONTEXT_ID,0,457,461,chunks of CBM from the [TARGET] were also burnt from the,False,
94cf027c-67b9-4cb8-9f39-f94ac4174685,Soil,MATERIAL,0,536,540,adds to the previous assumption. [TARGET] sample was collected.,False,
58d208b9-7b5c-40fd-b2a6-f153c406eedd,642,CONTEXT_ID,0,9,12,"""Context [TARGET] corresponds to a layer situated",False,
58d208b9-7b5c-40fd-b2a6-f153c406eedd,c636,CONTEXT_ID,0,74,78,"situated between the occupation layer [TARGET] and the subsoil 644, the",False,
58d208b9-7b5c-40fd-b2a6-f153c406eedd,subsoil,CONTEXT,0,87,94,"occupation layer c636 and the [TARGET] 644, the latter being considered",False,
58d208b9-7b5c-40fd-b2a6-f153c406eedd,644,CONTEXT_ID,0,95,98,"layer c636 and the subsoil [TARGET] , the latter being considered",False,
58d208b9-7b5c-40fd-b2a6-f153c406eedd,pit cuts,CONTEXT,0,175,183,It is truncated by the [TARGET] c640 (filled by c639) and,False,
58d208b9-7b5c-40fd-b2a6-f153c406eedd,c640,CONTEXT_ID,0,184,188,truncated by the pit cuts [TARGET] (filled by c639) and c645,False,
58d208b9-7b5c-40fd-b2a6-f153c406eedd,c639,CONTEXT_ID,0,200,204,pit cuts c640 (filled by [TARGET] ) and c645 (filled by,False,
58d208b9-7b5c-40fd-b2a6-f153c406eedd,c645,CONTEXT_ID,0,210,214,c640 (filled by c639) and [TARGET] (filled by c643). The compound,False,
58d208b9-7b5c-40fd-b2a6-f153c406eedd,c643,CONTEXT_ID,0,226,230,c639) and c645 (filled by [TARGET] ). The compound and heterogeneous,False,
58d208b9-7b5c-40fd-b2a6-f153c406eedd,subsoil,CONTEXT,0,343,350,"natural degradation of the under [TARGET] c644 (limestones inclusions), with which",False,
58d208b9-7b5c-40fd-b2a6-f153c406eedd,c644,CONTEXT_ID,0,351,355,"degradation of the under subsoil [TARGET] (limestones inclusions), with which the",False,
58d208b9-7b5c-40fd-b2a6-f153c406eedd,limestones,MATERIAL,0,357,367,"the under subsoil c644 ( [TARGET] inclusions), with which the boundary",False,
aad6e4d3-c650-4e03-8ec5-b202e571f946,wall,CONTEXT,0,24,28,After the uncovering of [TARGET] c907 and the defining of,False,
aad6e4d3-c650-4e03-8ec5-b202e571f946,c903,LOCATION,0,112,116,to investigate its relationships with [TARGET] (possible ovan) and dissovered that,True,CONTEXT_ID
aad6e4d3-c650-4e03-8ec5-b202e571f946,c903,CONTEXT_ID,0,112,116,to investigate its relationships with [TARGET] (possible ovan) and dissovered that,True,
aad6e4d3-c650-4e03-8ec5-b202e571f946,ovan,PERSON,0,127,131,its relationships with c903 (possible [TARGET] ) and dissovered that the,False,None
aad6e4d3-c650-4e03-8ec5-b202e571f946,c903,LOCATION,0,179,183,the area between c907 and [TARGET] is empty and they are,True,CONTEXT_ID
aad6e4d3-c650-4e03-8ec5-b202e571f946,c903,CONTEXT_ID,0,179,183,the area between c907 and [TARGET] is empty and they are,True,
aad6e4d3-c650-4e03-8ec5-b202e571f946,c910,CONTEXT_ID,0,248,252,we defined this area as [TARGET] which includes the outline of,False,
aad6e4d3-c650-4e03-8ec5-b202e571f946,wall,CONTEXT,0,287,291,includes the outline of the [TARGET] on the eastern side. It,False,
aad6e4d3-c650-4e03-8ec5-b202e571f946,eastern side,LOCATION,0,299,311,of the wall on the [TARGET] . It has a soft,False,
aad6e4d3-c650-4e03-8ec5-b202e571f946,soil,MATERIAL,0,356,360,"and relativly easy to remove [TARGET] , with pottery mostly from",False,
aad6e4d3-c650-4e03-8ec5-b202e571f946,pottery,ARTEFACT,0,367,374,"easy to remove soil, with [TARGET] mostly from late neolithic II",False,
aad6e4d3-c650-4e03-8ec5-b202e571f946,late neolithic II,PERIOD,0,387,404,"soil, with pottery mostly from [TARGET] ",False,
46c168c5-b114-4f33-b715-36726ca2218b,C913,CONTEXT_ID,0,0,4, [TARGET] is the floor of the,False,
46c168c5-b114-4f33-b715-36726ca2218b,floor,CONTEXT,0,12,17,"C913 is the [TARGET] of the suspected c903 oven,",False,
46c168c5-b114-4f33-b715-36726ca2218b,c903 oven,ARTEFACT,0,35,44,"the floor of the suspected [TARGET] , it is a thin,",True,
46c168c5-b114-4f33-b715-36726ca2218b,c903,CONTEXT_ID,0,35,39,"the floor of the suspected [TARGET] oven, it is a thin,",True,
46c168c5-b114-4f33-b715-36726ca2218b,clay,MATERIAL,0,87,91,"thin, irregular whitish layer of [TARGET] . Due to constant exposure",False,
46c168c5-b114-4f33-b715-36726ca2218b,clay,MATERIAL,0,131,135,"constant exposure to fire, the [TARGET] building maerial had the same",False,
46c168c5-b114-4f33-b715-36726ca2218b,maerial,ARTEFACT,0,145,152,"to fire, the clay building [TARGET] had the same texture, shape",False,None
46c168c5-b114-4f33-b715-36726ca2218b,slag,MATERIAL,0,195,199,"texture, shape and weight as [TARGET] . The maximum width of",False,
46c168c5-b114-4f33-b715-36726ca2218b,floor,CONTEXT,0,226,231,The maximum width of the [TARGET] is 1.5cm. The placement of,False,
46c168c5-b114-4f33-b715-36726ca2218b,slag,MATERIAL,0,263,267,1.5cm. The placement of the [TARGET] around the main strucuter suggests,False,
46c168c5-b114-4f33-b715-36726ca2218b,ovan,ARTEFACT,0,349,353,2 different phases of the [TARGET] . In addition the foundation,False,
46c168c5-b114-4f33-b715-36726ca2218b,foundation,CONTEXT,0,371,381,the ovan. In addition the [TARGET] cut c910 cut the ovan,False,
46c168c5-b114-4f33-b715-36726ca2218b,c910,CONTEXT_ID,0,386,390,In addition the foundation cut [TARGET] cut the ovan structure before,False,
46c168c5-b114-4f33-b715-36726ca2218b,ovan,ARTEFACT,0,399,403,foundation cut c910 cut the [TARGET] structure before the building of,False,
46c168c5-b114-4f33-b715-36726ca2218b,house,CONTEXT,0,441,446,before the building of the [TARGET] . Part of the floor,False,
46c168c5-b114-4f33-b715-36726ca2218b,floor,CONTEXT,0,460,465,the house. Part of the [TARGET] was disturbed by animals but,False,
46c168c5-b114-4f33-b715-36726ca2218b,animals,SPECIES,0,483,490,the floor was disturbed by [TARGET] but it seems to expand,False,
46c168c5-b114-4f33-b715-36726ca2218b,W side,LOCATION,0,528,534,to expand futher at the [TARGET] .,False,
38262040-5965-4169-a145-10037419ca90,c605,CONTEXT_ID,0,9,13,"""Context [TARGET] corresponds to a layer identified",False,
38262040-5965-4169-a145-10037419ca90,c601,CONTEXT,0,67,71,"a layer identified abutting structure [TARGET] , partially covering its northern",True,
38262040-5965-4169-a145-10037419ca90,c601,CONTEXT_ID,0,67,71,"a layer identified abutting structure [TARGET] , partially covering its northern",True,
38262040-5965-4169-a145-10037419ca90,northern side,LOCATION,0,96,109,"structure c601, partially covering its [TARGET] and extending over 8 meters",False,
38262040-5965-4169-a145-10037419ca90,north,LOCATION,0,145,150,over 8 meters to the [TARGET] of the trench. It consists,False,
38262040-5965-4169-a145-10037419ca90,trench,CONTEXT,0,158,164,to the north of the [TARGET] . It consists of a,False,
38262040-5965-4169-a145-10037419ca90,sandy silt soil,MATERIAL,0,183,198,"trench. It consists of a [TARGET] with frequent limestone inclusions, and",False,
38262040-5965-4169-a145-10037419ca90,limestone,MATERIAL,0,213,222,"sandy silt soil with frequent [TARGET] inclusions, and very similar in",False,
38262040-5965-4169-a145-10037419ca90,c604,CONTEXT_ID,0,277,281,"similar in composition to layers [TARGET] and c620, which were recorded",False,
38262040-5965-4169-a145-10037419ca90,c620,CONTEXT_ID,0,286,290,"composition to layers c604 and [TARGET] , which were recorded on",False,
38262040-5965-4169-a145-10037419ca90,southern side,LOCATION,0,319,332,which were recorded on the [TARGET] of wall c601. In proximity,False,
38262040-5965-4169-a145-10037419ca90,wall,CONTEXT,0,336,340,on the southern side of [TARGET] c601. In proximity to the,False,
38262040-5965-4169-a145-10037419ca90,c601,CONTEXT,0,341,345,the southern side of wall [TARGET] . In proximity to the,True,
38262040-5965-4169-a145-10037419ca90,c601,CONTEXT_ID,0,341,345,the southern side of wall [TARGET] . In proximity to the,True,
38262040-5965-4169-a145-10037419ca90,wall,CONTEXT,0,367,371,"c601. In proximity to the [TARGET] , particularly in the western",False,
38262040-5965-4169-a145-10037419ca90,western half,LOCATION,0,393,405,"the wall, particularly in the [TARGET] of the trench, the deposit",False,
38262040-5965-4169-a145-10037419ca90,trench,CONTEXT,0,413,419,"the western half of the [TARGET] , the deposit is mixed",False,
38262040-5965-4169-a145-10037419ca90,clay,MATERIAL,0,447,451,the deposit is mixed with [TARGET] and mud derived from the,False,
38262040-5965-4169-a145-10037419ca90,mud,MATERIAL,0,456,459,is mixed with clay and [TARGET] derived from the gradual degradation,False,
38262040-5965-4169-a145-10037419ca90,wall,CONTEXT,0,504,508,the gradual degradation of the [TARGET] itself. This localised variation has,False,
38262040-5965-4169-a145-10037419ca90,c641,CONTEXT_ID,0,582,586,been recorded separately as context [TARGET] .,False,
f66dd6bf-93f3-4f46-9b6b-a418268ca073,N,LOCATION,0,19,20,902 was split into [TARGET] and S and was dug,False,
f66dd6bf-93f3-4f46-9b6b-a418268ca073,S,LOCATION,0,25,26,was split into N and [TARGET] and was dug in 3,False,
f66dd6bf-93f3-4f46-9b6b-a418268ca073,soil,MATERIAL,0,214,218,axe we discovered that the [TARGET] was getting a bit softer,False,
f66dd6bf-93f3-4f46-9b6b-a418268ca073,pottery,ARTEFACT,0,351,358,enough quantity of finsings especiallyu [TARGET] mostly from the late neolithic,False,
f66dd6bf-93f3-4f46-9b6b-a418268ca073,late neolithic II,PERIOD,0,375,392,especiallyu pottery mostly from the [TARGET] . Some sherds were charred,False,
f66dd6bf-93f3-4f46-9b6b-a418268ca073,S,LOCATION,0,394,395,from the late neolithic II. [TARGET] ome sherds were charred in,False,
f66dd6bf-93f3-4f46-9b6b-a418268ca073,sherds,ARTEFACT,0,399,405,the late neolithic II. Some [TARGET] were charred in the middle,False,
f66dd6bf-93f3-4f46-9b6b-a418268ca073,sherds,ARTEFACT,0,485,491,"acident?) There were some conjoining [TARGET] , sherds with holes (perferated",False,
f66dd6bf-93f3-4f46-9b6b-a418268ca073,sherds,ARTEFACT,0,493,499,"There were some conjoining sherds, [TARGET] with holes (perferated or hanging",False,
f66dd6bf-93f3-4f46-9b6b-a418268ca073,holes,CONTEXT,0,505,510,"some conjoining sherds, sherds with [TARGET] (perferated or hanging holes or",False,
f66dd6bf-93f3-4f46-9b6b-a418268ca073,holes,CONTEXT,0,534,539,with holes (perferated or hanging [TARGET] or reparring) there was a,False,
f66dd6bf-93f3-4f46-9b6b-a418268ca073,figuring,ARTEFACT,0,566,574,or reparring) there was a [TARGET] but it coulnt be identified.,False,
f66dd6bf-93f3-4f46-9b6b-a418268ca073,stone,MATERIAL,0,620,625,"be identified. Lots of chipped [TARGET] , one possibly from a",False,
f66dd6bf-93f3-4f46-9b6b-a418268ca073,reaper,SPECIES,0,647,653,"stone, one possibly from a [TARGET] and lots of ground stones.",True,
f66dd6bf-93f3-4f46-9b6b-a418268ca073,reaper,PERSON,0,647,653,"stone, one possibly from a [TARGET] and lots of ground stones.",True,None
f66dd6bf-93f3-4f46-9b6b-a418268ca073,ground stones,ARTEFACT,0,666,679,a reaper and lots of [TARGET] . 3 possible stone axes.,True,
f66dd6bf-93f3-4f46-9b6b-a418268ca073,stone,MATERIAL,0,673,678,reaper and lots of ground [TARGET] s. 3 possible stone axes.,True,
f66dd6bf-93f3-4f46-9b6b-a418268ca073,stone axes,ARTEFACT,0,692,702,of ground stones. 3 possible [TARGET] . CBM was mostly concentrated,True,
f66dd6bf-93f3-4f46-9b6b-a418268ca073,stone,MATERIAL,0,692,697,of ground stones. 3 possible [TARGET] axes. CBM was mostly concentrated,True,
f66dd6bf-93f3-4f46-9b6b-a418268ca073,CBM,ARTEFACT,0,704,707,stones. 3 possible stone axes. [TARGET] was mostly concentrated on the,False,
f66dd6bf-93f3-4f46-9b6b-a418268ca073,norther side,LOCATION,0,739,751,was mostly concentrated on the [TARGET] . There were also shells.,False,
f66dd6bf-93f3-4f46-9b6b-a418268ca073,shells,ARTEFACT,0,769,775,norther side. There were also [TARGET] . On the SE corner,False,
f66dd6bf-93f3-4f46-9b6b-a418268ca073,SE corner,LOCATION,0,784,793,were also shells. On the [TARGET] there was a complicated clay,False,
f66dd6bf-93f3-4f46-9b6b-a418268ca073,clay,MATERIAL,0,818,822,corner there was a complicated [TARGET] consentration. Change to spit 2,False,
f66dd6bf-93f3-4f46-9b6b-a418268ca073,spit 2,CONTEXT,0,848,854,complicated clay consentration. Change to [TARGET] on the eastern side (depth,False,
f66dd6bf-93f3-4f46-9b6b-a418268ca073,eastern side,LOCATION,0,862,874,to spit 2 on the [TARGET] (depth of 10 cm) same,False,
f66dd6bf-93f3-4f46-9b6b-a418268ca073,soil,MATERIAL,0,897,901,"(depth of 10 cm) same [TARGET] , sismilar finds covered with",False,
f66dd6bf-93f3-4f46-9b6b-a418268ca073,eastern side,LOCATION,0,987,999,"(depth 10 cm) on the [TARGET] , still spit 2 on",False,
f66dd6bf-93f3-4f46-9b6b-a418268ca073,spit 2,CONTEXT,0,1007,1013,"on the eastern side, still [TARGET] on the western side. Same",False,
f66dd6bf-93f3-4f46-9b6b-a418268ca073,western side,LOCATION,0,1021,1033,still spit 2 on the [TARGET] . Same soil and findindgs.,False,
f66dd6bf-93f3-4f46-9b6b-a418268ca073,S,LOCATION,0,1035,1036,2 on the western side. [TARGET] ame soil and findindgs. During,False,
f66dd6bf-93f3-4f46-9b6b-a418268ca073,soil,MATERIAL,0,1040,1044,on the western side. Same [TARGET] and findindgs. During removal of,False,
f66dd6bf-93f3-4f46-9b6b-a418268ca073,spit 2,CONTEXT,0,1078,1084,and findindgs. During removal of [TARGET] on NW side a very,False,
f66dd6bf-93f3-4f46-9b6b-a418268ca073,NW side,LOCATION,0,1088,1095,"removal of spit 2 on [TARGET] a very large, compacted and",False,
f66dd6bf-93f3-4f46-9b6b-a418268ca073,CBM,ARTEFACT,0,1130,1133,"very large, compacted and heavy [TARGET] peice was uncovered. We kept",False,
f66dd6bf-93f3-4f46-9b6b-a418268ca073,soil,MATERIAL,0,1172,1176,was uncovered. We kept removing [TARGET] following the shape of the,False,
f66dd6bf-93f3-4f46-9b6b-a418268ca073,CBM,ARTEFACT,0,1204,1207,following the shape of the [TARGET] to check of a wall,False,
f66dd6bf-93f3-4f46-9b6b-a418268ca073,wall,CONTEXT,0,1222,1226,CBM to check of a [TARGET] was extending towards the CBM,False,
f66dd6bf-93f3-4f46-9b6b-a418268ca073,CBM,ARTEFACT,0,1253,1256,wall was extending towards the [TARGET] structure (ovan? 903). A clayish,False,
f66dd6bf-93f3-4f46-9b6b-a418268ca073,ovan,PERSON,0,1268,1272,towards the CBM structure ( [TARGET] ? 903). A clayish structure,False,None
f66dd6bf-93f3-4f46-9b6b-a418268ca073,903,CONTEXT_ID,0,1274,1277,towards the CBM structure (ovan? [TARGET] ). A clayish structure was,False,
f66dd6bf-93f3-4f46-9b6b-a418268ca073,clay,MATERIAL,0,1282,1286,CBM structure (ovan? 903). A [TARGET] ish structure was uncovered so,False,
f66dd6bf-93f3-4f46-9b6b-a418268ca073,907,CONTEXT_ID,0,1354,1357,if a differnt context number [TARGET] .,False,
88abbb4a-8578-4e91-8797-2a3bbfb0dc22,clay,MATERIAL,0,10,14,This is a [TARGET] floor which covers most of,False,
88abbb4a-8578-4e91-8797-2a3bbfb0dc22,trench,LOCATION,0,46,52,which covers most of the [TARGET] but is not always found,True,
88abbb4a-8578-4e91-8797-2a3bbfb0dc22,trench,CONTEXT,0,46,52,which covers most of the [TARGET] but is not always found,True,
88abbb4a-8578-4e91-8797-2a3bbfb0dc22,trench,LOCATION,0,241,247,have covered most of the [TARGET] and can be seen clearly,True,
88abbb4a-8578-4e91-8797-2a3bbfb0dc22,trench,CONTEXT,0,241,247,have covered most of the [TARGET] and can be seen clearly,True,
88abbb4a-8578-4e91-8797-2a3bbfb0dc22,sidewall,CONTEXT,0,279,287,be seen clearly in the [TARGET] profile to intrude over the,False,
88abbb4a-8578-4e91-8797-2a3bbfb0dc22,posthole pit,CONTEXT,0,327,339,over the top of the [TARGET] . This clay floor contains,False,
88abbb4a-8578-4e91-8797-2a3bbfb0dc22,clay,MATERIAL,0,346,350,of the posthole pit. This [TARGET] floor contains many small patches,False,
88abbb4a-8578-4e91-8797-2a3bbfb0dc22,charcoal,ARTEFACT,0,388,396,contains many small patches of [TARGET] as well as small specks,True,MATERIAL
88abbb4a-8578-4e91-8797-2a3bbfb0dc22,charcoal,MATERIAL,0,388,396,contains many small patches of [TARGET] as well as small specks,True,
88abbb4a-8578-4e91-8797-2a3bbfb0dc22,burnt bone,ARTEFACT,0,424,434,"well as small specks of [TARGET] , possibly human.",False,
88abbb4a-8578-4e91-8797-2a3bbfb0dc22,human,SPECIES,0,445,450,"specks of burnt bone, possibly [TARGET] .",False,
41f40c16-a6cb-4f65-9b89-ddd9aef2cbc4,pottery sherds,ARTEFACT,0,11,25,Only a few [TARGET] were retrieved from the small,False,
41f40c16-a6cb-4f65-9b89-ddd9aef2cbc4,sondage,PERIOD,0,81,88,small portion excavated in the [TARGET] . | [Original notes from,False,None
41f40c16-a6cb-4f65-9b89-ddd9aef2cbc4,c625,CONTEXT_ID,0,129,133,notes from context sheet : [TARGET] is a posthole next to,False,
41f40c16-a6cb-4f65-9b89-ddd9aef2cbc4,posthole,CONTEXT,0,139,147,sheet : c625 is a [TARGET] next to the wall (c601),False,
41f40c16-a6cb-4f65-9b89-ddd9aef2cbc4,wall,CONTEXT,0,160,164,a posthole next to the [TARGET] (c601) which used to be,False,
41f40c16-a6cb-4f65-9b89-ddd9aef2cbc4,c601,CONTEXT_ID,0,166,170,next to the wall ( [TARGET] ) which used to be,False,
41f40c16-a6cb-4f65-9b89-ddd9aef2cbc4,wood,MATERIAL,0,197,201,used to be a round [TARGET] stick to strengthen the wall.,False,
41f40c16-a6cb-4f65-9b89-ddd9aef2cbc4,wall,CONTEXT,0,226,230,wood stick to strengthen the [TARGET] . The diameter is about,False,
41f40c16-a6cb-4f65-9b89-ddd9aef2cbc4,c627,CONTEXT_ID,0,279,283,m abd ut us vetween [TARGET] and c628 which are the,False,
41f40c16-a6cb-4f65-9b89-ddd9aef2cbc4,c628,CONTEXT_ID,0,288,292,ut us vetween c627 and [TARGET] which are the other posthole,False,
41f40c16-a6cb-4f65-9b89-ddd9aef2cbc4,posthole,CONTEXT,0,313,321,c628 which are the other [TARGET] next to the wall. The,False,
41f40c16-a6cb-4f65-9b89-ddd9aef2cbc4,wall,CONTEXT,0,334,338,other posthole next to the [TARGET] . The soil is soft,False,
41f40c16-a6cb-4f65-9b89-ddd9aef2cbc4,soil,MATERIAL,0,344,348,next to the wall. The [TARGET] is soft and powdery. The,False,
41f40c16-a6cb-4f65-9b89-ddd9aef2cbc4,soil,MATERIAL,0,374,378,is soft and powdery. The [TARGET] between c627 and c625 is,False,
41f40c16-a6cb-4f65-9b89-ddd9aef2cbc4,c627,CONTEXT_ID,0,387,391,and powdery. The soil between [TARGET] and c625 is quite brown,False,
41f40c16-a6cb-4f65-9b89-ddd9aef2cbc4,c625,CONTEXT_ID,0,396,400,The soil between c627 and [TARGET] is quite brown chich is,False,
41f40c16-a6cb-4f65-9b89-ddd9aef2cbc4,c601,CONTEXT_ID,0,436,440,brown chich is similar as [TARGET] . It is supposed to,False,
41f40c16-a6cb-4f65-9b89-ddd9aef2cbc4,wall,CONTEXT,0,488,492,"the same material as the [TARGET] . After excavated, it is",False,
41f40c16-a6cb-4f65-9b89-ddd9aef2cbc4,layer,CONTEXT,0,519,524,"After excavated, it is a [TARGET] with lots of charcoal. The",False,
41f40c16-a6cb-4f65-9b89-ddd9aef2cbc4,charcoal,ARTEFACT,0,538,546,a layer with lots of [TARGET] . The colour of soil,True,MATERIAL
41f40c16-a6cb-4f65-9b89-ddd9aef2cbc4,charcoal,MATERIAL,0,538,546,a layer with lots of [TARGET] . The colour of soil,True,
41f40c16-a6cb-4f65-9b89-ddd9aef2cbc4,soil,MATERIAL,0,562,566,of charcoal. The colour of [TARGET] is gray and ashey. It,False,
41f40c16-a6cb-4f65-9b89-ddd9aef2cbc4,layer,CONTEXT,0,594,599,"and ashey. It is a [TARGET] in c616, but not a",False,
41f40c16-a6cb-4f65-9b89-ddd9aef2cbc4,c616,CONTEXT_ID,0,603,607,"It is a layer in [TARGET] , but not a posthole",False,
41f40c16-a6cb-4f65-9b89-ddd9aef2cbc4,posthole,CONTEXT,0,619,627,"in c616, but not a [TARGET] and connect with c628. The",False,
41f40c16-a6cb-4f65-9b89-ddd9aef2cbc4,c628,CONTEXT_ID,0,645,649,a posthole and connect with [TARGET] . The layer is also,False,
41f40c16-a6cb-4f65-9b89-ddd9aef2cbc4,layer,CONTEXT,0,655,660,and connect with c628. The [TARGET] is also the same as,False,
41f40c16-a6cb-4f65-9b89-ddd9aef2cbc4,628,CONTEXT_ID,0,681,684,"is also the same as [TARGET] , 627.]""",False,
41f40c16-a6cb-4f65-9b89-ddd9aef2cbc4,627,CONTEXT_ID,0,686,689,"also the same as 628, [TARGET] .]""",False,
00b32ff8-66b2-4314-b216-2966e083a9ac,619,CONTEXT_ID,0,8,11,Context [TARGET] corresponds to the soil found,False,
00b32ff8-66b2-4314-b216-2966e083a9ac,soil,MATERIAL,0,31,35,"Context 619 corresponds to the [TARGET] found inside the burial, beneath",False,
00b32ff8-66b2-4314-b216-2966e083a9ac,burial,CONTEXT,0,53,59,"the soil found inside the [TARGET] , beneath the stone cover.",False,
00b32ff8-66b2-4314-b216-2966e083a9ac,stone,MATERIAL,0,73,78,"inside the burial, beneath the [TARGET] cover. It is hypothesized that",False,
00b32ff8-66b2-4314-b216-2966e083a9ac,fill,MATERIAL,0,178,182,infiltration rather than an intentional [TARGET] placed after the deposition of,False,
00b32ff8-66b2-4314-b216-2966e083a9ac,pit,CONTEXT,0,330,333,"the inner space of the [TARGET] . Specifically, the layer is",False,
00b32ff8-66b2-4314-b216-2966e083a9ac,stone,MATERIAL,0,379,384,layer is thin between the [TARGET] s and the bones in,False,
00b32ff8-66b2-4314-b216-2966e083a9ac,bones,ARTEFACT,0,394,399,between the stones and the [TARGET] in the area of the,False,SPECIES
00b32ff8-66b2-4314-b216-2966e083a9ac,bones,ARTEFACT,0,531,536,"eveidence of movement in some [TARGET] (such as the right scapula,",False,SPECIES
00b32ff8-66b2-4314-b216-2966e083a9ac,right,LOCATION,0,550,555,"some bones (such as the [TARGET] scapula, ribs, left coxal bone,",False,
00b32ff8-66b2-4314-b216-2966e083a9ac,pottery,ARTEFACT,0,650,657,"recoverd from this layer, including [TARGET] and clay building material. A",False,
00b32ff8-66b2-4314-b216-2966e083a9ac,clay,MATERIAL,0,662,666,"this layer, including pottery and [TARGET] building material. A flint (c619",False,
00b32ff8-66b2-4314-b216-2966e083a9ac,flint,ARTEFACT,0,688,693,and clay building material. A [TARGET] (c619 #6) and seven shells,False,
00b32ff8-66b2-4314-b216-2966e083a9ac,c619 #6,CONTEXT_ID,0,695,702,building material. A flint ( [TARGET] ) and seven shells (c619,False,
00b32ff8-66b2-4314-b216-2966e083a9ac,shells,ARTEFACT,0,714,720,"flint (c619 #6) and seven [TARGET] (c619 #13, #16, #22, #23,",False,
00b32ff8-66b2-4314-b216-2966e083a9ac,c619 #13,CONTEXT_ID,0,722,730,"#6) and seven shells ( [TARGET] , #16, #22, #23, #24,",False,
00b32ff8-66b2-4314-b216-2966e083a9ac,#16,CONTEXT_ID,0,732,735,"and seven shells (c619 #13, [TARGET] , #22, #23, #24, #25,",False,
00b32ff8-66b2-4314-b216-2966e083a9ac,#22,CONTEXT_ID,0,737,740,"seven shells (c619 #13, #16, [TARGET] , #23, #24, #25, #26)",False,
00b32ff8-66b2-4314-b216-2966e083a9ac,#23,CONTEXT_ID,0,742,745,"shells (c619 #13, #16, #22, [TARGET] , #24, #25, #26) were",False,
00b32ff8-66b2-4314-b216-2966e083a9ac,#24,CONTEXT_ID,0,747,750,"(c619 #13, #16, #22, #23, [TARGET] , #25, #26) were recorded",False,
00b32ff8-66b2-4314-b216-2966e083a9ac,#25,CONTEXT_ID,0,752,755,"#13, #16, #22, #23, #24, [TARGET] , #26) were recorded separately.",False,
00b32ff8-66b2-4314-b216-2966e083a9ac,#26,CONTEXT_ID,0,757,760,"#16, #22, #23, #24, #25, [TARGET] ) were recorded separately. These",False,
00b32ff8-66b2-4314-b216-2966e083a9ac,right,LOCATION,0,824,829,"found near the jaw and [TARGET] arm of the skeleton, cannot",False,
00b32ff8-66b2-4314-b216-2966e083a9ac,c623,CONTEXT_ID,0,933,937,"intentional deposit associated with individual [TARGET] . Additionally, a large pottery",False,
00b32ff8-66b2-4314-b216-2966e083a9ac,pottery,ARTEFACT,0,961,968,"individual c623. Additionally, a large [TARGET] sherd (c619 #9) was found",False,
00b32ff8-66b2-4314-b216-2966e083a9ac,c619,CONTEXT_ID,0,976,980,a large pottery sherd ( [TARGET] #9) was found under the,False,
00b32ff8-66b2-4314-b216-2966e083a9ac,stone,MATERIAL,0,1005,1010,#9) was found under the [TARGET] cover near the southern edge,False,
00b32ff8-66b2-4314-b216-2966e083a9ac,southern edge,LOCATION,0,1026,1039,the stone cover near the [TARGET] of the pit. Given that,False,
00b32ff8-66b2-4314-b216-2966e083a9ac,pit,CONTEXT,0,1047,1050,the southern edge of the [TARGET] . Given that this layer,False,
00b32ff8-66b2-4314-b216-2966e083a9ac,soil,MATERIAL,0,1151,1155,"it has blended with the [TARGET] from layer c629, which corresponds",False,
00b32ff8-66b2-4314-b216-2966e083a9ac,c629,CONTEXT_ID,0,1167,1171,"with the soil from layer [TARGET] , which corresponds to the",False,
00b32ff8-66b2-4314-b216-2966e083a9ac,fill,MATERIAL,0,1198,1202,"c629, which corresponds to the [TARGET] found between the stones of",False,
00b32ff8-66b2-4314-b216-2966e083a9ac,stone,MATERIAL,0,1221,1226,the fill found between the [TARGET] s of the cover.,False,
e336451d-a77b-4691-9191-79da96995c65,609,CONTEXT_ID,0,12,15,The context [TARGET] corresponds to a fine layer,False,
e336451d-a77b-4691-9191-79da96995c65,soil,MATERIAL,0,47,51,to a fine layer of [TARGET] that partially covers the stones,False,
e336451d-a77b-4691-9191-79da96995c65,stones,MATERIAL,0,78,84,"soil that partially covers the [TARGET] of the grave s cover,",False,
e336451d-a77b-4691-9191-79da96995c65,grave,CONTEXT,0,92,97,"covers the stones of the [TARGET] s cover, located in the",False,
e336451d-a77b-4691-9191-79da96995c65,eastern part,LOCATION,0,122,134,"s cover, located in the [TARGET] of the burial. It is",False,
e336451d-a77b-4691-9191-79da96995c65,burial,CONTEXT,0,142,148,the eastern part of the [TARGET] . It is assumed to,False,
e336451d-a77b-4691-9191-79da96995c65,burial,CONTEXT,0,202,208,"last preserved layer of the [TARGET] , corresponding to the abandonment",False,
e336451d-a77b-4691-9191-79da96995c65,modern,PERIOD,0,297,303,have been slightly disturbed by [TARGET] ploughing and excavation activities. This,False,
e336451d-a77b-4691-9191-79da96995c65,clayey silt,MATERIAL,0,417,428,"the layer, which consists of [TARGET] with occasional whitish limestone gravel",False,
e336451d-a77b-4691-9191-79da96995c65,limestone gravel,MATERIAL,0,453,469,clayey silt with occasional whitish [TARGET] and small stone inclusions. A,True,
e336451d-a77b-4691-9191-79da96995c65,grave,CONTEXT,0,463,468,silt with occasional whitish limestone [TARGET] l and small stone inclusions.,True,
e336451d-a77b-4691-9191-79da96995c65,stone,MATERIAL,0,480,485,whitish limestone gravel and small [TARGET] inclusions. A few animal bones,False,
e336451d-a77b-4691-9191-79da96995c65,animal bones,ARTEFACT,0,504,516,"small stone inclusions. A few [TARGET] were recovered, which may possibly",True,SPECIES
e336451d-a77b-4691-9191-79da96995c65,animal,SPECIES,0,504,510,"small stone inclusions. A few [TARGET] bones were recovered, which may",True,
e336451d-a77b-4691-9191-79da96995c65,608,CONTEXT_ID,0,571,574,"may possibly belong to contexts [TARGET] and 617. Notably, a stone",False,
e336451d-a77b-4691-9191-79da96995c65,617,CONTEXT_ID,0,579,582,"belong to contexts 608 and [TARGET] . Notably, a stone bead",False,
e336451d-a77b-4691-9191-79da96995c65,stone bead,ARTEFACT,0,595,605,"608 and 617. Notably, a [TARGET] (609 #5) was found near",True,
e336451d-a77b-4691-9191-79da96995c65,stone,MATERIAL,0,595,600,"608 and 617. Notably, a [TARGET] bead (609 #5) was found",True,
e336451d-a77b-4691-9191-79da96995c65,609,CONTEXT_ID,0,607,610,"Notably, a stone bead ( [TARGET] #5) was found near the",False,
e336451d-a77b-4691-9191-79da96995c65,north-eastern limit,LOCATION,0,634,653,#5) was found near the [TARGET] of the grave.,False,
e336451d-a77b-4691-9191-79da96995c65,grave,CONTEXT,0,661,666,the north-eastern limit of the [TARGET] .,False,
4949f418-0c17-4ca5-88d6-f4be94b45918,pit,CONTEXT,0,18,21,Cut of a possible [TARGET] or ditch (filled with c643),False,
4949f418-0c17-4ca5-88d6-f4be94b45918,ditch,CONTEXT,0,25,30,of a possible pit or [TARGET] (filled with c643) - not,False,
4949f418-0c17-4ca5-88d6-f4be94b45918,c643,CONTEXT_ID,0,44,48,pit or ditch (filled with [TARGET] ) - not excavated by,False,
4949f418-0c17-4ca5-88d6-f4be94b45918,2023,PERIOD,0,73,77,- not excavated by the [TARGET] exavation season,False,None
a042a17a-cb2d-4ec4-a433-a0ec7e17c2fd,pottery,ARTEFACT,0,28,35,Observation: we notices the [TARGET] from this context was similar,False,
a042a17a-cb2d-4ec4-a433-a0ec7e17c2fd,C490,CONTEXT_ID,0,69,73,this context was similar to [TARGET] from sector H3-82 (excavation seasio,False,
a042a17a-cb2d-4ec4-a433-a0ec7e17c2fd,H3-82,LOCATION,0,86,91,similar to C490 from sector [TARGET] (excavation seasio 2022) because the,False,CONTEXT_ID
a042a17a-cb2d-4ec4-a433-a0ec7e17c2fd,seasio 2022,LOCATION,0,104,115,C490 from sector H3-82 (excavation [TARGET] ) because the surfaces that,False,CONTEXT_ID
a042a17a-cb2d-4ec4-a433-a0ec7e17c2fd,sediments,MATERIAL,0,207,216,both sectors were covered with [TARGET] . Also the measurements of,False,
a042a17a-cb2d-4ec4-a433-a0ec7e17c2fd,destruction layer,CONTEXT,0,247,264,Also the measurements of the [TARGET] of C400 were similar here,False,
a042a17a-cb2d-4ec4-a433-a0ec7e17c2fd,C400,CONTEXT_ID,0,268,272,of the destruction layer of [TARGET] were similar here too.,False,
603e69ec-9aef-42e5-ab35-71624b041d09,908,LOCATION,0,0,3, [TARGET] is defined as the area,True,CONTEXT_ID
603e69ec-9aef-42e5-ab35-71624b041d09,908,CONTEXT_ID,0,0,3, [TARGET] is defined as the area,True,
603e69ec-9aef-42e5-ab35-71624b041d09,wall,CONTEXT,0,48,52,area inside the building ( [TARGET] 907). Contains large sherds of,False,
603e69ec-9aef-42e5-ab35-71624b041d09,907,CONTEXT_ID,0,53,56,area inside the building (wall [TARGET] ). Contains large sherds of,False,
603e69ec-9aef-42e5-ab35-71624b041d09,sherds,ARTEFACT,0,74,80,building (wall 907). Contains large [TARGET] of pottery. At first the,False,
603e69ec-9aef-42e5-ab35-71624b041d09,CBM,ARTEFACT,0,147,150,was removed. There was fallen [TARGET] from the building. Lots of,True,
603e69ec-9aef-42e5-ab35-71624b041d09,CBM,MATERIAL,0,147,150,was removed. There was fallen [TARGET] from the building. Lots of,True,
603e69ec-9aef-42e5-ab35-71624b041d09,animal,SPECIES,0,178,184,"from the building. Lots of [TARGET] disturbences, lots of pottery, bones",False,
603e69ec-9aef-42e5-ab35-71624b041d09,bones,ARTEFACT,0,216,221,"animal disturbences, lots of pottery, [TARGET] and shells. Soil was dark",False,SPECIES
603e69ec-9aef-42e5-ab35-71624b041d09,shells,ARTEFACT,0,226,232,"lots of pottery, bones and [TARGET] . Soil was dark greyish",False,
603e69ec-9aef-42e5-ab35-71624b041d09,Soil,MATERIAL,0,234,238,"of pottery, bones and shells. [TARGET] was dark greyish brown. Limits",False,
603e69ec-9aef-42e5-ab35-71624b041d09,SW side,LOCATION,0,309,316,building were discovered on the [TARGET] . Pottery was mostly from,False,
603e69ec-9aef-42e5-ab35-71624b041d09,Pottery,ARTEFACT,0,318,325,discovered on the SW side. [TARGET] was mostly from late neolithic,False,
603e69ec-9aef-42e5-ab35-71624b041d09,late neolithic II,PERIOD,0,342,359,side. Pottery was mostly from [TARGET] .,False,
07574eb8-8bb4-4aab-8d27-f1ce6255b3ea,agriculture,PERSON,0,0,11, [TARGET] ,False,None
a2b550be-92dc-40e7-8c9d-fb190da18a84,C414,CONTEXT_ID,0,5,9,Fill [TARGET] ,False,
b9a4d9de-ce09-47e0-ba68-b899e47ee771,640,CONTEXT_ID,0,8,11,Context [TARGET] corresponds to the cut of,False,
b9a4d9de-ce09-47e0-ba68-b899e47ee771,pit,CONTEXT,0,49,52,the cut of a circular [TARGET] identified in the south-west corner,False,
b9a4d9de-ce09-47e0-ba68-b899e47ee771,south-west corner,LOCATION,0,71,88,"circular pit identified in the [TARGET] of the sondage, north of",False,
b9a4d9de-ce09-47e0-ba68-b899e47ee771,north,LOCATION,0,105,110,"south-west corner of the sondage, [TARGET] of the wall c601. This",False,
b9a4d9de-ce09-47e0-ba68-b899e47ee771,wall,CONTEXT,0,118,122,"the sondage, north of the [TARGET] c601. This cut truncates layer",False,
b9a4d9de-ce09-47e0-ba68-b899e47ee771,c601,CONTEXT_ID,0,123,127,"sondage, north of the wall [TARGET] . This cut truncates layer",False,
b9a4d9de-ce09-47e0-ba68-b899e47ee771,c642,CONTEXT_ID,0,154,158,c601. This cut truncates layer [TARGET] . The pit measures approximately,False,
b9a4d9de-ce09-47e0-ba68-b899e47ee771,pit,CONTEXT,0,164,167,cut truncates layer c642. The [TARGET] measures approximately 1 meter in,False,
b9a4d9de-ce09-47e0-ba68-b899e47ee771,2023,PERIOD,0,315,319,by the end of the [TARGET] excavation season. The pit is,False,None
b9a4d9de-ce09-47e0-ba68-b899e47ee771,pit,CONTEXT,0,343,346,the 2023 excavation season. The [TARGET] is filled with a homogeneous,False,
b9a4d9de-ce09-47e0-ba68-b899e47ee771,639,CONTEXT_ID,0,411,414,"upper deposit, recorded as context [TARGET] . | [Original notes from",False,
b9a4d9de-ce09-47e0-ba68-b899e47ee771,C640,CONTEXT_ID,0,455,459,"notes from context sheet : [TARGET] is the cut of C639,",False,
b9a4d9de-ce09-47e0-ba68-b899e47ee771,C639,CONTEXT_ID,0,474,478,"C640 is the cut of [TARGET] , with is below C601",False,
b9a4d9de-ce09-47e0-ba68-b899e47ee771,C636,CONTEXT_ID,0,503,507,with is below C601 and [TARGET] . truncate C644. The cut,False,
b9a4d9de-ce09-47e0-ba68-b899e47ee771,C644,CONTEXT_ID,0,518,522,below C601 and C636. truncate [TARGET] . The cut maybe be,False,
b9a4d9de-ce09-47e0-ba68-b899e47ee771,wall,CONTEXT,0,570,574,be associated with building the [TARGET] . Human firy created ted,False,
b9a4d9de-ce09-47e0-ba68-b899e47ee771,Human,SPECIES,0,576,581,associated with building the wall. [TARGET] firy created ted a pit,False,
b9a4d9de-ce09-47e0-ba68-b899e47ee771,firy,PERSON,0,582,586,with building the wall. Human [TARGET] created ted a pit or,False,None
b9a4d9de-ce09-47e0-ba68-b899e47ee771,pit,CONTEXT,0,601,604,Human firy created ted a [TARGET] or ditch and put some,False,
b9a4d9de-ce09-47e0-ba68-b899e47ee771,ditch,CONTEXT,0,608,613,created ted a pit or [TARGET] and put some stuff to,False,
b9a4d9de-ce09-47e0-ba68-b899e47ee771,wall,CONTEXT,0,668,672,then start to build the [TARGET] . C640 is extend to,False,
b9a4d9de-ce09-47e0-ba68-b899e47ee771,C640,CONTEXT_ID,0,674,678,start to build the wall. [TARGET] is extend to the bottom,False,
16a45a6b-3c35-4c77-a8c4-c6f56c4c38fc,trench,CONTEXT,0,26,32,"Top soil removal of whole [TARGET] . Wet, brown, sandy/silt. Uncovered",False,
16a45a6b-3c35-4c77-a8c4-c6f56c4c38fc,red clay,MATERIAL,0,68,76,"trench. Wet, brown, sandy/silt. Uncovered [TARGET] with limestone inclusions (inclusions throughout)",False,
16a45a6b-3c35-4c77-a8c4-c6f56c4c38fc,limestone,MATERIAL,0,82,91,sandy/silt. Uncovered red clay with [TARGET] inclusions (inclusions throughout) - interpreted,False,
16a45a6b-3c35-4c77-a8c4-c6f56c4c38fc,wall,CONTEXT,0,160,164,"- interpreted as continuation of [TARGET] from last season, H8-99. Uncovered",False,
16a45a6b-3c35-4c77-a8c4-c6f56c4c38fc,last season,PERIOD,0,170,181,"as continuation of wall from [TARGET] , H8-99. Uncovered possible feature",False,None
16a45a6b-3c35-4c77-a8c4-c6f56c4c38fc,H8-99,CONTEXT_ID,0,183,188,"of wall from last season, [TARGET] . Uncovered possible feature 1",False,
16a45a6b-3c35-4c77-a8c4-c6f56c4c38fc,ashy stone,MATERIAL,0,221,231,Uncovered possible feature 1 - [TARGET] that could possibly mark a,False,
16a45a6b-3c35-4c77-a8c4-c6f56c4c38fc,burial,CONTEXT,0,259,265,that could possibly mark a [TARGET] . Depth 35-40cm dug by,False,
16a45a6b-3c35-4c77-a8c4-c6f56c4c38fc,pottery,ARTEFACT,0,387,394,cubic m. Higher density of [TARGET] to north of trench.,False,
16a45a6b-3c35-4c77-a8c4-c6f56c4c38fc,north,LOCATION,0,398,403,Higher density of pottery to [TARGET] of trench.,False,
16a45a6b-3c35-4c77-a8c4-c6f56c4c38fc,trench,CONTEXT,0,407,413,of pottery to north of [TARGET] .,False,
0422e2d6-0bd6-4d76-9a1b-25b8699a6cb5,stones,ARTEFACT,0,19,25,"Additionally, some [TARGET] from the cover (c614) were",True,
0422e2d6-0bd6-4d76-9a1b-25b8699a6cb5,stone,MATERIAL,0,19,24,"Additionally, some [TARGET] s from the cover (c614)",True,
0422e2d6-0bd6-4d76-9a1b-25b8699a6cb5,cover,ARTEFACT,0,35,40,"Additionally, some stones from the [TARGET] (c614) were found directly on",False,
0422e2d6-0bd6-4d76-9a1b-25b8699a6cb5,c614,CONTEXT_ID,0,42,46,stones from the cover ( [TARGET] ) were found directly on,False,
0422e2d6-0bd6-4d76-9a1b-25b8699a6cb5,left coxal bone,ARTEFACT,0,75,90,were found directly on the [TARGET] and against the right coxal,False,SPECIES
0422e2d6-0bd6-4d76-9a1b-25b8699a6cb5,right,LOCATION,0,107,112,"coxal bone and against the [TARGET] coxal bone, while the heavy",False,
0422e2d6-0bd6-4d76-9a1b-25b8699a6cb5,stone,MATERIAL,0,149,154,"bone, while the heavy central [TARGET] c626 were found in a",False,
0422e2d6-0bd6-4d76-9a1b-25b8699a6cb5,c626,CONTEXT_ID,0,155,159,while the heavy central stone [TARGET] were found in a neearly,False,
0422e2d6-0bd6-4d76-9a1b-25b8699a6cb5,neearly,PERIOD,0,176,183,c626 were found in a [TARGET] vertical position above the left,False,None
0422e2d6-0bd6-4d76-9a1b-25b8699a6cb5,left femur,LOCATION,0,212,222,"neearly vertical position above the [TARGET] , broken into four pieces",False,
0422e2d6-0bd6-4d76-9a1b-25b8699a6cb5,animal burrow,CONTEXT,0,298,311,It is hypothesized that an [TARGET] caused this anomaly by creating,True,
0422e2d6-0bd6-4d76-9a1b-25b8699a6cb5,animal,SPECIES,0,298,304,It is hypothesized that an [TARGET] burrow caused this anomaly by,True,
0422e2d6-0bd6-4d76-9a1b-25b8699a6cb5,void,CONTEXT,0,346,350,this anomaly by creating a [TARGET] under the femur.,False,
dafcf8a5-d413-4670-ae9a-321b9b184e20,shells,ARTEFACT,0,55,61,"finds have been retrieved, including [TARGET] , ground stones and pottery",False,
dafcf8a5-d413-4670-ae9a-321b9b184e20,ground stones,ARTEFACT,0,63,76,"have been retrieved, including shells, [TARGET] and pottery sherds that could",False,
dafcf8a5-d413-4670-ae9a-321b9b184e20,pottery,ARTEFACT,0,81,88,"including shells, ground stones and [TARGET] sherds that could date to",False,
dafcf8a5-d413-4670-ae9a-321b9b184e20,sherds,ARTEFACT,0,89,95,"shells, ground stones and pottery [TARGET] that could date to the",False,
dafcf8a5-d413-4670-ae9a-321b9b184e20,Late Neolithic Phase I,PERIOD,0,119,141,that could date to the [TARGET] . | [original notes from,False,
dafcf8a5-d413-4670-ae9a-321b9b184e20,c630,CONTEXT_ID,0,196,200,"context sheet : The layer [TARGET] is next to the wall,",False,
dafcf8a5-d413-4670-ae9a-321b9b184e20,wall,CONTEXT,0,216,220,"c630 is next to the [TARGET] , which including many layers",False,
dafcf8a5-d413-4670-ae9a-321b9b184e20,ash,MATERIAL,0,253,256,which including many layers of [TARGET] . It supposes that human,False,
dafcf8a5-d413-4670-ae9a-321b9b184e20,human,SPECIES,0,275,280,of ash. It supposes that [TARGET] burn something and spread the,False,
dafcf8a5-d413-4670-ae9a-321b9b184e20,ash,MATERIAL,0,311,314,burn something and spread the [TARGET] around continuously until it became,False,
dafcf8a5-d413-4670-ae9a-321b9b184e20,pottery,ARTEFACT,0,405,412,"finds is small, and the [TARGET] is Late Neolithic Phase I.",False,
dafcf8a5-d413-4670-ae9a-321b9b184e20,Late Neolithic Phase I,PERIOD,0,416,438,"small, and the pottery is [TARGET] . C630 is cut by",False,
dafcf8a5-d413-4670-ae9a-321b9b184e20,c631,CONTEXT_ID,0,455,459,I. C630 is cut by [TARGET] and below c601. 1) The,False,
dafcf8a5-d413-4670-ae9a-321b9b184e20,c601,CONTEXT_ID,0,470,474,cut by c631 and below [TARGET] . 1) The ash could,False,
dafcf8a5-d413-4670-ae9a-321b9b184e20,ash,MATERIAL,0,483,486,and below c601. 1) The [TARGET] could be abandonned at this,False,
dafcf8a5-d413-4670-ae9a-321b9b184e20,ash,MATERIAL,0,645,648,"area, and smooth out the [TARGET] after burning. There are lots",False,
dafcf8a5-d413-4670-ae9a-321b9b184e20,charcoal,ARTEFACT,0,682,690,burning. There are lots of [TARGET] at make the soil dark,True,MATERIAL
dafcf8a5-d413-4670-ae9a-321b9b184e20,charcoal,MATERIAL,0,682,690,burning. There are lots of [TARGET] at make the soil dark,True,
dafcf8a5-d413-4670-ae9a-321b9b184e20,soil,MATERIAL,0,703,707,of charcoal at make the [TARGET] dark bur the ash layer,False,
dafcf8a5-d413-4670-ae9a-321b9b184e20,ash,MATERIAL,0,721,724,the soil dark bur the [TARGET] layer didn t disturb c631,False,
dafcf8a5-d413-4670-ae9a-321b9b184e20,c631,CONTEXT_ID,0,746,750,ash layer didn t disturb [TARGET] which is a clear round,False,
818d6d1c-bd55-47c0-8126-422f7ce772ad,NW corner,LOCATION,0,33,42,removal ofc902 and in the [TARGET] we uncovered a very large,False,
818d6d1c-bd55-47c0-8126-422f7ce772ad,mudbrick,ARTEFACT,0,69,77,we uncovered a very large [TARGET] very compact and firm (length,True,
818d6d1c-bd55-47c0-8126-422f7ce772ad,mudbrick,MATERIAL,0,69,77,we uncovered a very large [TARGET] very compact and firm (length,True,
818d6d1c-bd55-47c0-8126-422f7ce772ad,wall,CONTEXT,0,173,177,followed it and uncovered a [TARGET] extending NW towards c903 (ovan?).,False,
818d6d1c-bd55-47c0-8126-422f7ce772ad,NW,LOCATION,0,188,190,and uncovered a wall extending [TARGET] towards c903 (ovan?). There are,False,
818d6d1c-bd55-47c0-8126-422f7ce772ad,c903,LOCATION,0,199,203,a wall extending NW towards [TARGET] (ovan?). There are lots of,False,CONTEXT_ID
818d6d1c-bd55-47c0-8126-422f7ce772ad,ovan,PERSON,0,205,209,extending NW towards c903 ( [TARGET] ?). There are lots of,False,None
818d6d1c-bd55-47c0-8126-422f7ce772ad,holes,CONTEXT,0,231,236,"(ovan?). There are lots of [TARGET] , some possibly animal that",False,
818d6d1c-bd55-47c0-8126-422f7ce772ad,animal,SPECIES,0,252,258,"lots of holes, some possibly [TARGET] that circle the sturcute. On",False,
818d6d1c-bd55-47c0-8126-422f7ce772ad,17/07/2024,PERIOD,0,288,298,that circle the sturcute. On [TARGET] we uncovered and defined ther,False,None
818d6d1c-bd55-47c0-8126-422f7ce772ad,wall,CONTEXT,0,356,360,ther southern externtion of the [TARGET] and realised that it has,False,
818d6d1c-bd55-47c0-8126-422f7ce772ad,N,LOCATION,0,427,428,semi-circluar shape that extended from [TARGET] to S side of the,False,
818d6d1c-bd55-47c0-8126-422f7ce772ad,S side,LOCATION,0,432,438,that extended from N to [TARGET] of the trench.,False,
818d6d1c-bd55-47c0-8126-422f7ce772ad,trench,CONTEXT,0,446,452,to S side of the [TARGET] .,False,
